"Date","CustomerID","Age","Gender","ProductCategory","Quantity","UnitPrice","TotalPrice","RecordID","Gender_Code","year","month","quarter"
"2023-11-24","CUST001",34,"Male","Beauty",3,50.0,150.0,1,1,2023,11,4
"2023-02-27","CUST002",26,"Female","Clothing",2,500.0,1000.0,2,0,2023,2,1
"2023-01-13","CUST003",50,"Male","Electronics",1,30.0,30.0,3,1,2023,1,1
"2023-05-21","CUST004",37,"Male","Clothing",1,500.0,500.0,4,1,2023,5,2
"2023-05-06","CUST005",30,"Male","Beauty",2,50.0,100.0,5,1,2023,5,2
"2023-04-25","CUST006",45,"Female","Beauty",1,30.0,30.0,6,0,2023,4,2
"2023-03-13","CUST007",46,"Male","Clothing",2,25.0,50.0,7,1,2023,3,1
"2023-02-22","CUST008",30,"Male","Electronics",4,25.0,100.0,8,1,2023,2,1
"2023-12-13","CUST009",63,"Male","Electronics",2,300.0,600.0,9,1,2023,12,4
"2023-10-07","CUST010",52,"Female","Clothing",4,50.0,200.0,10,0,2023,10,4
"2023-02-14","CUST011",23,"Male","Clothing",2,50.0,100.0,11,1,2023,2,1
"2023-10-30","CUST012",35,"Male","Beauty",3,25.0,75.0,12,1,2023,10,4
"2023-08-05","CUST013",22,"Male","Electronics",3,500.0,1500.0,13,1,2023,8,3
"2023-01-17","CUST014",64,"Male","Clothing",4,30.0,120.0,14,1,2023,1,1
"2023-01-16","CUST015",42,"Female","Electronics",4,500.0,2000.0,15,0,2023,1,1
"2023-02-17","CUST016",19,"Male","Clothing",3,500.0,1500.0,16,1,2023,2,1
"2023-04-22","CUST017",27,"Female","Clothing",4,25.0,100.0,17,0,2023,4,2
"2023-04-30","CUST018",47,"Female","Electronics",2,25.0,50.0,18,0,2023,4,2
"2023-09-16","CUST019",62,"Female","Clothing",2,25.0,50.0,19,0,2023,9,3
"2023-11-05","CUST020",22,"Male","Clothing",3,300.0,900.0,20,1,2023,11,4
"2023-01-14","CUST021",50,"Female","Beauty",1,500.0,500.0,21,0,2023,1,1
"2023-10-15","CUST022",18,"Male","Clothing",2,50.0,100.0,22,1,2023,10,4
"2023-04-12","CUST023",35,"Female","Clothing",4,30.0,120.0,23,0,2023,4,2
"2023-11-29","CUST024",49,"Female","Clothing",1,300.0,300.0,24,0,2023,11,4
"2023-12-26","CUST025",64,"Female","Beauty",1,50.0,50.0,25,0,2023,12,4
"2023-10-07","CUST026",28,"Female","Electronics",2,500.0,1000.0,26,0,2023,10,4
"2023-08-03","CUST027",38,"Female","Beauty",2,25.0,50.0,27,0,2023,8,3
"2023-04-23","CUST028",43,"Female","Beauty",1,500.0,500.0,28,0,2023,4,2
"2023-08-18","CUST029",42,"Female","Electronics",1,30.0,30.0,29,0,2023,8,3
"2023-10-29","CUST030",39,"Female","Beauty",3,300.0,900.0,30,0,2023,10,4
"2023-05-23","CUST031",44,"Male","Electronics",4,300.0,1200.0,31,1,2023,5,2
"2023-01-04","CUST032",30,"Male","Beauty",3,30.0,90.0,32,1,2023,1,1
"2023-03-23","CUST033",50,"Female","Electronics",2,50.0,100.0,33,0,2023,3,1
"2023-12-24","CUST034",51,"Female","Clothing",3,50.0,150.0,34,0,2023,12,4
"2023-08-05","CUST035",58,"Female","Beauty",3,300.0,900.0,35,0,2023,8,3
"2023-06-24","CUST036",52,"Male","Beauty",3,300.0,900.0,36,1,2023,6,2
"2023-05-23","CUST037",18,"Female","Beauty",3,25.0,75.0,37,0,2023,5,2
"2023-03-21","CUST038",38,"Male","Beauty",4,50.0,200.0,38,1,2023,3,1
"2023-04-21","CUST039",23,"Male","Clothing",4,30.0,120.0,39,1,2023,4,2
"2023-06-22","CUST040",45,"Male","Beauty",1,50.0,50.0,40,1,2023,6,2
"2023-02-22","CUST041",34,"Male","Clothing",2,25.0,50.0,41,1,2023,2,1
"2023-02-17","CUST042",22,"Male","Clothing",3,300.0,900.0,42,1,2023,2,1
"2023-07-14","CUST043",48,"Female","Clothing",1,300.0,300.0,43,0,2023,7,3
"2023-02-19","CUST044",22,"Female","Clothing",1,25.0,25.0,44,0,2023,2,1
"2023-07-03","CUST045",55,"Female","Electronics",1,30.0,30.0,45,0,2023,7,3
"2023-06-26","CUST046",20,"Female","Electronics",4,300.0,1200.0,46,0,2023,6,2
"2023-11-06","CUST047",40,"Female","Beauty",3,500.0,1500.0,47,0,2023,11,4
"2023-05-16","CUST048",54,"Male","Electronics",3,300.0,900.0,48,1,2023,5,2
"2023-01-23","CUST049",54,"Female","Electronics",2,500.0,1000.0,49,0,2023,1,1
"2023-08-24","CUST050",27,"Female","Beauty",3,25.0,75.0,50,0,2023,8,3
"2023-10-02","CUST051",27,"Male","Beauty",3,25.0,75.0,51,1,2023,10,4
"2023-03-05","CUST052",36,"Female","Beauty",1,300.0,300.0,52,0,2023,3,1
"2023-07-13","CUST053",34,"Male","Electronics",2,50.0,100.0,53,1,2023,7,3
"2023-02-10","CUST054",38,"Female","Electronics",3,500.0,1500.0,54,0,2023,2,1
"2023-10-10","CUST055",31,"Male","Beauty",4,30.0,120.0,55,1,2023,10,4
"2023-05-31","CUST056",26,"Female","Clothing",3,300.0,900.0,56,0,2023,5,2
"2023-11-18","CUST057",63,"Female","Beauty",1,30.0,30.0,57,0,2023,11,4
"2023-11-13","CUST058",18,"Male","Clothing",4,300.0,1200.0,58,1,2023,11,4
"2023-07-05","CUST059",62,"Male","Clothing",1,50.0,50.0,59,1,2023,7,3
"2023-10-23","CUST060",30,"Male","Beauty",3,50.0,150.0,60,1,2023,10,4
"2023-04-09","CUST061",21,"Male","Beauty",4,50.0,200.0,61,1,2023,4,2
"2023-12-27","CUST062",18,"Male","Beauty",2,50.0,100.0,62,1,2023,12,4
"2023-02-05","CUST063",57,"Male","Electronics",2,25.0,50.0,63,1,2023,2,1
"2023-01-24","CUST064",49,"Male","Clothing",4,25.0,100.0,64,1,2023,1,1
"2023-12-05","CUST065",51,"Male","Electronics",4,500.0,2000.0,65,1,2023,12,4
"2023-04-27","CUST066",45,"Female","Electronics",1,30.0,30.0,66,0,2023,4,2
"2023-05-29","CUST067",48,"Female","Beauty",4,300.0,1200.0,67,0,2023,5,2
"2023-02-10","CUST068",25,"Male","Electronics",1,300.0,300.0,68,1,2023,2,1
"2023-04-30","CUST069",56,"Female","Beauty",3,25.0,75.0,69,0,2023,4,2
"2023-02-21","CUST070",43,"Female","Clothing",1,300.0,300.0,70,0,2023,2,1
"2023-07-14","CUST071",51,"Female","Beauty",4,25.0,100.0,71,0,2023,7,3
"2023-05-23","CUST072",20,"Female","Electronics",4,500.0,2000.0,72,0,2023,5,2
"2023-08-21","CUST073",29,"Male","Electronics",3,30.0,90.0,73,1,2023,8,3
"2023-11-22","CUST074",18,"Female","Beauty",4,500.0,2000.0,74,0,2023,11,4
"2023-07-06","CUST075",61,"Male","Beauty",4,50.0,200.0,75,1,2023,7,3
"2023-03-25","CUST076",22,"Female","Electronics",2,50.0,100.0,76,0,2023,3,1
"2023-07-09","CUST077",47,"Female","Clothing",2,50.0,100.0,77,0,2023,7,3
"2023-07-01","CUST078",47,"Female","Clothing",3,500.0,1500.0,78,0,2023,7,3
"2023-04-18","CUST079",34,"Male","Beauty",1,300.0,300.0,79,1,2023,4,2
"2023-12-10","CUST080",64,"Female","Clothing",2,30.0,60.0,80,0,2023,12,4
"2023-05-17","CUST081",40,"Male","Electronics",1,50.0,50.0,81,1,2023,5,2
"2023-12-26","CUST082",32,"Female","Beauty",4,50.0,200.0,82,0,2023,12,4
"2023-12-16","CUST083",54,"Male","Electronics",2,50.0,100.0,83,1,2023,12,4
"2023-11-28","CUST084",38,"Female","Electronics",3,30.0,90.0,84,0,2023,11,4
"2023-02-06","CUST085",31,"Male","Clothing",3,50.0,150.0,85,1,2023,2,1
"2023-11-08","CUST086",19,"Male","Beauty",3,30.0,90.0,86,1,2023,11,4
"2023-11-22","CUST087",28,"Female","Beauty",2,50.0,100.0,87,0,2023,11,4
"2023-03-29","CUST088",56,"Male","Clothing",1,500.0,500.0,88,1,2023,3,1
"2023-10-01","CUST089",55,"Female","Electronics",4,500.0,2000.0,89,0,2023,10,4
"2023-05-06","CUST090",51,"Female","Electronics",1,30.0,30.0,90,0,2023,5,2
"2023-03-25","CUST091",55,"Female","Electronics",1,500.0,500.0,91,0,2023,3,1
"2023-08-25","CUST092",51,"Female","Electronics",4,30.0,120.0,92,0,2023,8,3
"2023-07-14","CUST093",35,"Female","Beauty",4,500.0,2000.0,93,0,2023,7,3
"2023-05-19","CUST094",47,"Female","Beauty",2,500.0,1000.0,94,0,2023,5,2
"2023-11-24","CUST095",32,"Female","Clothing",2,30.0,60.0,95,0,2023,11,4
"2023-12-19","CUST096",44,"Female","Clothing",2,300.0,600.0,96,0,2023,12,4
"2023-10-13","CUST097",51,"Female","Beauty",2,500.0,1000.0,97,0,2023,10,4
"2023-04-23","CUST098",55,"Female","Beauty",2,50.0,100.0,98,0,2023,4,2
"2023-12-17","CUST099",50,"Female","Electronics",4,300.0,1200.0,99,0,2023,12,4
"2023-06-16","CUST100",41,"Male","Electronics",1,30.0,30.0,100,1,2023,6,2
"2023-01-29","CUST101",32,"Male","Clothing",2,300.0,600.0,101,1,2023,1,1
"2023-04-28","CUST102",47,"Female","Beauty",2,25.0,50.0,102,0,2023,4,2
"2023-01-17","CUST103",59,"Female","Clothing",1,25.0,25.0,103,0,2023,1,1
"2023-06-11","CUST104",34,"Female","Beauty",2,500.0,1000.0,104,0,2023,6,2
"2023-07-25","CUST105",22,"Female","Electronics",1,500.0,500.0,105,0,2023,7,3
"2023-05-18","CUST106",46,"Female","Clothing",1,50.0,50.0,106,0,2023,5,2
"2023-02-03","CUST107",21,"Female","Clothing",4,300.0,1200.0,107,0,2023,2,1
"2023-04-19","CUST108",27,"Female","Beauty",3,25.0,75.0,108,0,2023,4,2
"2023-10-18","CUST109",34,"Female","Electronics",4,500.0,2000.0,109,0,2023,10,4
"2023-06-11","CUST110",27,"Male","Clothing",3,300.0,900.0,110,1,2023,6,2
"2023-04-19","CUST111",34,"Female","Electronics",3,500.0,1500.0,111,0,2023,4,2
"2023-12-02","CUST112",37,"Male","Clothing",3,500.0,1500.0,112,1,2023,12,4
"2023-09-13","CUST113",41,"Female","Electronics",2,25.0,50.0,113,0,2023,9,3
"2023-07-22","CUST114",22,"Female","Beauty",4,25.0,100.0,114,0,2023,7,3
"2023-11-26","CUST115",51,"Male","Clothing",3,500.0,1500.0,115,1,2023,11,4
"2023-08-23","CUST116",23,"Female","Clothing",1,30.0,30.0,116,0,2023,8,3
"2023-03-15","CUST117",19,"Male","Electronics",2,500.0,1000.0,117,1,2023,3,1
"2023-05-16","CUST118",30,"Female","Electronics",4,500.0,2000.0,118,0,2023,5,2
"2023-03-13","CUST119",60,"Female","Clothing",3,50.0,150.0,119,0,2023,3,1
"2023-05-07","CUST120",60,"Male","Beauty",1,50.0,50.0,120,1,2023,5,2
"2023-10-15","CUST121",28,"Female","Electronics",4,50.0,200.0,121,0,2023,10,4
"2023-10-03","CUST122",64,"Male","Electronics",4,30.0,120.0,122,1,2023,10,4
"2023-05-15","CUST123",40,"Female","Electronics",2,30.0,60.0,123,0,2023,5,2
"2023-10-27","CUST124",33,"Male","Clothing",4,500.0,2000.0,124,1,2023,10,4
"2023-08-08","CUST125",48,"Male","Clothing",2,50.0,100.0,125,1,2023,8,3
"2023-10-26","CUST126",28,"Female","Clothing",3,30.0,90.0,126,0,2023,10,4
"2023-07-24","CUST127",33,"Female","Clothing",2,25.0,50.0,127,0,2023,7,3
"2023-07-05","CUST128",25,"Male","Beauty",1,500.0,500.0,128,1,2023,7,3
"2023-04-23","CUST129",21,"Female","Beauty",2,300.0,600.0,129,0,2023,4,2
"2023-03-12","CUST130",57,"Female","Clothing",1,500.0,500.0,130,0,2023,3,1
"2023-09-18","CUST131",21,"Female","Beauty",2,300.0,600.0,131,0,2023,9,3
"2023-09-10","CUST132",42,"Male","Electronics",4,50.0,200.0,132,1,2023,9,3
"2023-02-16","CUST133",20,"Male","Electronics",3,300.0,900.0,133,1,2023,2,1
"2023-01-25","CUST134",49,"Male","Electronics",1,50.0,50.0,134,1,2023,1,1
"2023-02-26","CUST135",20,"Male","Clothing",2,25.0,50.0,135,1,2023,2,1
"2023-03-20","CUST136",44,"Male","Electronics",2,300.0,600.0,136,1,2023,3,1
"2023-11-18","CUST137",46,"Male","Beauty",2,500.0,1000.0,137,1,2023,11,4
"2023-03-23","CUST138",49,"Male","Clothing",4,50.0,200.0,138,1,2023,3,1
"2023-12-15","CUST139",36,"Male","Beauty",4,500.0,2000.0,139,1,2023,12,4
"2023-08-05","CUST140",38,"Male","Electronics",1,30.0,30.0,140,1,2023,8,3
"2023-11-02","CUST141",22,"Female","Electronics",1,50.0,50.0,141,0,2023,11,4
"2023-02-02","CUST142",35,"Male","Electronics",4,300.0,1200.0,142,1,2023,2,1
"2023-07-17","CUST143",45,"Female","Clothing",1,50.0,50.0,143,0,2023,7,3
"2023-07-15","CUST144",59,"Female","Beauty",3,500.0,1500.0,144,0,2023,7,3
"2023-11-02","CUST145",39,"Female","Clothing",3,25.0,75.0,145,0,2023,11,4
"2023-08-28","CUST146",38,"Male","Clothing",4,50.0,200.0,146,1,2023,8,3
"2023-09-28","CUST147",23,"Male","Electronics",1,300.0,300.0,147,1,2023,9,3
"2023-05-09","CUST148",18,"Male","Clothing",2,30.0,60.0,148,1,2023,5,2
"2023-10-11","CUST149",22,"Male","Clothing",3,25.0,75.0,149,1,2023,10,4
"2023-01-06","CUST150",58,"Female","Electronics",4,30.0,120.0,150,0,2023,1,1
"2023-12-15","CUST151",29,"Male","Clothing",1,50.0,50.0,151,1,2023,12,4
"2023-02-28","CUST152",43,"Male","Electronics",4,500.0,2000.0,152,1,2023,2,1
"2023-12-16","CUST153",63,"Male","Electronics",2,500.0,1000.0,153,1,2023,12,4
"2023-10-02","CUST154",51,"Male","Electronics",3,300.0,900.0,154,1,2023,10,4
"2023-05-17","CUST155",31,"Male","Electronics",4,500.0,2000.0,155,1,2023,5,2
"2023-11-25","CUST156",43,"Female","Clothing",4,25.0,100.0,156,0,2023,11,4
"2023-06-24","CUST157",62,"Male","Electronics",4,500.0,2000.0,157,1,2023,6,2
"2023-02-27","CUST158",44,"Female","Electronics",2,300.0,600.0,158,0,2023,2,1
"2023-05-31","CUST159",26,"Male","Clothing",4,50.0,200.0,159,1,2023,5,2
"2023-08-11","CUST160",43,"Female","Clothing",2,50.0,100.0,160,0,2023,8,3
"2023-03-22","CUST161",64,"Male","Beauty",2,500.0,1000.0,161,1,2023,3,1
"2023-08-21","CUST162",39,"Male","Clothing",2,30.0,60.0,162,1,2023,8,3
"2023-01-02","CUST163",64,"Female","Clothing",3,50.0,150.0,163,0,2023,1,1
"2023-05-15","CUST164",47,"Female","Beauty",3,500.0,1500.0,164,0,2023,5,2
"2023-09-14","CUST165",60,"Female","Clothing",4,300.0,1200.0,165,0,2023,9,3
"2023-04-02","CUST166",34,"Male","Clothing",4,500.0,2000.0,166,1,2023,4,2
"2023-09-17","CUST167",43,"Female","Clothing",3,50.0,150.0,167,0,2023,9,3
"2023-02-24","CUST168",53,"Male","Clothing",1,300.0,300.0,168,1,2023,2,1
"2023-11-17","CUST169",18,"Male","Beauty",3,500.0,1500.0,169,1,2023,11,4
"2023-06-02","CUST170",25,"Female","Clothing",2,25.0,50.0,170,0,2023,6,2
"2023-11-24","CUST171",52,"Female","Clothing",3,300.0,900.0,171,0,2023,11,4
"2023-09-17","CUST172",32,"Male","Beauty",2,25.0,50.0,172,1,2023,9,3
"2023-11-08","CUST173",64,"Male","Electronics",4,30.0,120.0,173,1,2023,11,4
"2023-04-12","CUST174",39,"Female","Beauty",1,300.0,300.0,174,0,2023,4,2
"2023-03-20","CUST175",31,"Female","Electronics",4,25.0,100.0,175,0,2023,3,1
"2023-07-11","CUST176",43,"Female","Beauty",2,50.0,100.0,176,0,2023,7,3
"2023-03-24","CUST177",45,"Male","Beauty",2,50.0,100.0,177,1,2023,3,1
"2023-10-04","CUST178",40,"Male","Clothing",2,30.0,60.0,178,1,2023,10,4
"2023-09-29","CUST179",31,"Male","Electronics",1,300.0,300.0,179,1,2023,9,3
"2023-01-01","CUST180",41,"Male","Clothing",3,300.0,900.0,180,1,2023,1,1
"2023-11-03","CUST181",19,"Male","Electronics",4,300.0,1200.0,181,1,2023,11,4
"2023-06-15","CUST182",62,"Male","Beauty",4,30.0,120.0,182,1,2023,6,2
"2023-09-08","CUST183",43,"Female","Beauty",3,300.0,900.0,183,0,2023,9,3
"2023-01-10","CUST184",31,"Male","Electronics",4,50.0,200.0,184,1,2023,1,1
"2023-02-27","CUST185",24,"Male","Clothing",1,25.0,25.0,185,1,2023,2,1
"2023-07-05","CUST186",20,"Male","Clothing",4,50.0,200.0,186,1,2023,7,3
"2023-06-07","CUST187",64,"Female","Clothing",2,50.0,100.0,187,0,2023,6,2
"2023-05-03","CUST188",40,"Male","Clothing",3,25.0,75.0,188,1,2023,5,2
"2023-01-30","CUST189",63,"Male","Beauty",1,50.0,50.0,189,1,2023,1,1
"2023-05-04","CUST190",60,"Female","Beauty",3,30.0,90.0,190,0,2023,5,2
"2023-10-18","CUST191",64,"Male","Beauty",1,25.0,25.0,191,1,2023,10,4
"2023-02-10","CUST192",62,"Male","Beauty",2,50.0,100.0,192,1,2023,2,1
"2023-02-13","CUST193",35,"Male","Beauty",3,500.0,1500.0,193,1,2023,2,1
"2023-09-06","CUST194",55,"Male","Clothing",4,50.0,200.0,194,1,2023,9,3
"2023-02-05","CUST195",52,"Male","Clothing",1,30.0,30.0,195,1,2023,2,1
"2023-09-30","CUST196",32,"Female","Clothing",3,300.0,900.0,196,0,2023,9,3
"2023-03-06","CUST197",42,"Female","Clothing",4,50.0,200.0,197,0,2023,3,1
"2023-03-07","CUST198",54,"Female","Beauty",3,300.0,900.0,198,0,2023,3,1
"2023-12-04","CUST199",45,"Male","Beauty",3,500.0,1500.0,199,1,2023,12,4
"2023-09-01","CUST200",27,"Male","Beauty",3,50.0,150.0,200,1,2023,9,3
"2023-10-09","CUST201",56,"Male","Electronics",1,25.0,25.0,201,1,2023,10,4
"2023-03-26","CUST202",34,"Female","Clothing",4,300.0,1200.0,202,0,2023,3,1
"2023-05-16","CUST203",56,"Male","Clothing",2,500.0,1000.0,203,1,2023,5,2
"2023-09-28","CUST204",39,"Male","Beauty",1,25.0,25.0,204,1,2023,9,3
"2023-11-07","CUST205",43,"Female","Clothing",1,25.0,25.0,205,0,2023,11,4
"2023-08-05","CUST206",61,"Male","Clothing",1,25.0,25.0,206,1,2023,8,3
"2023-04-19","CUST207",42,"Female","Beauty",2,25.0,50.0,207,0,2023,4,2
"2023-10-04","CUST208",34,"Female","Electronics",4,50.0,200.0,208,0,2023,10,4
"2023-12-20","CUST209",30,"Female","Electronics",4,50.0,200.0,209,0,2023,12,4
"2023-04-13","CUST210",37,"Male","Electronics",4,50.0,200.0,210,1,2023,4,2
"2024-01-01","CUST211",42,"Male","Beauty",3,500.0,1500.0,211,1,2024,1,1
"2023-06-09","CUST212",21,"Male","Clothing",3,500.0,1500.0,212,1,2023,6,2
"2023-07-24","CUST213",27,"Male","Beauty",3,500.0,1500.0,213,1,2023,7,3
"2023-12-10","CUST214",20,"Male","Beauty",2,30.0,60.0,214,1,2023,12,4
"2023-11-29","CUST215",58,"Male","Clothing",3,500.0,1500.0,215,1,2023,11,4
"2023-07-11","CUST216",62,"Male","Electronics",2,50.0,100.0,216,1,2023,7,3
"2023-08-13","CUST217",35,"Female","Electronics",4,50.0,200.0,217,0,2023,8,3
"2023-09-22","CUST218",64,"Male","Beauty",3,30.0,90.0,218,1,2023,9,3
"2023-08-20","CUST219",53,"Female","Electronics",3,30.0,90.0,219,0,2023,8,3
"2023-03-03","CUST220",64,"Male","Beauty",1,500.0,500.0,220,1,2023,3,1
"2023-05-07","CUST221",39,"Male","Beauty",2,300.0,600.0,221,1,2023,5,2
"2023-04-26","CUST222",51,"Male","Clothing",4,30.0,120.0,222,1,2023,4,2
"2023-02-02","CUST223",64,"Female","Clothing",1,25.0,25.0,223,0,2023,2,1
"2023-06-23","CUST224",25,"Female","Clothing",1,50.0,50.0,224,0,2023,6,2
"2023-01-11","CUST225",57,"Female","Beauty",4,25.0,100.0,225,0,2023,1,1
"2023-10-29","CUST226",61,"Female","Clothing",1,50.0,50.0,226,0,2023,10,4
"2023-10-11","CUST227",36,"Male","Electronics",2,50.0,100.0,227,1,2023,10,4
"2023-04-28","CUST228",59,"Female","Electronics",2,30.0,60.0,228,0,2023,4,2
"2023-10-29","CUST229",58,"Male","Beauty",3,30.0,90.0,229,1,2023,10,4
"2023-04-23","CUST230",54,"Male","Beauty",1,25.0,25.0,230,1,2023,4,2
"2023-01-04","CUST231",23,"Female","Clothing",3,50.0,150.0,231,0,2023,1,1
"2023-02-06","CUST232",43,"Female","Beauty",1,25.0,25.0,232,0,2023,2,1
"2023-12-29","CUST233",51,"Female","Beauty",2,300.0,600.0,233,0,2023,12,4
"2023-11-20","CUST234",62,"Female","Electronics",2,25.0,50.0,234,0,2023,11,4
"2023-01-31","CUST235",23,"Female","Electronics",2,500.0,1000.0,235,0,2023,1,1
"2023-04-28","CUST236",54,"Female","Clothing",1,25.0,25.0,236,0,2023,4,2
"2023-02-04","CUST237",50,"Female","Beauty",2,500.0,1000.0,237,0,2023,2,1
"2023-01-17","CUST238",39,"Female","Beauty",1,500.0,500.0,238,0,2023,1,1
"2023-06-19","CUST239",38,"Male","Electronics",3,500.0,1500.0,239,1,2023,6,2
"2023-02-06","CUST240",23,"Female","Beauty",1,300.0,300.0,240,0,2023,2,1
"2023-09-21","CUST241",23,"Female","Electronics",3,25.0,75.0,241,0,2023,9,3
"2023-05-02","CUST242",21,"Male","Clothing",1,25.0,25.0,242,1,2023,5,2
"2023-05-23","CUST243",47,"Female","Electronics",3,300.0,900.0,243,0,2023,5,2
"2023-12-09","CUST244",28,"Male","Beauty",2,50.0,100.0,244,1,2023,12,4
"2023-09-06","CUST245",47,"Male","Clothing",3,30.0,90.0,245,1,2023,9,3
"2023-04-20","CUST246",48,"Female","Electronics",2,25.0,50.0,246,0,2023,4,2
"2023-10-04","CUST247",41,"Male","Electronics",2,30.0,60.0,247,1,2023,10,4
"2023-03-09","CUST248",26,"Male","Clothing",3,300.0,900.0,248,1,2023,3,1
"2023-10-20","CUST249",20,"Male","Clothing",1,50.0,50.0,249,1,2023,10,4
"2023-10-23","CUST250",48,"Male","Electronics",1,50.0,50.0,250,1,2023,10,4
"2023-08-31","CUST251",57,"Female","Beauty",4,50.0,200.0,251,0,2023,8,3
"2023-05-05","CUST252",54,"Male","Electronics",1,300.0,300.0,252,1,2023,5,2
"2023-08-31","CUST253",53,"Female","Clothing",4,500.0,2000.0,253,0,2023,8,3
"2023-07-28","CUST254",41,"Male","Electronics",1,500.0,500.0,254,1,2023,7,3
"2023-04-08","CUST255",48,"Male","Clothing",1,30.0,30.0,255,1,2023,4,2
"2023-02-18","CUST256",23,"Male","Clothing",2,500.0,1000.0,256,1,2023,2,1
"2023-02-19","CUST257",19,"Male","Beauty",4,500.0,2000.0,257,1,2023,2,1
"2023-12-04","CUST258",37,"Female","Clothing",1,50.0,50.0,258,0,2023,12,4
"2023-08-09","CUST259",45,"Female","Clothing",4,50.0,200.0,259,0,2023,8,3
"2023-07-01","CUST260",28,"Male","Beauty",2,30.0,60.0,260,1,2023,7,3
"2023-08-05","CUST261",21,"Male","Clothing",2,25.0,50.0,261,1,2023,8,3
"2023-07-30","CUST262",32,"Female","Beauty",4,30.0,120.0,262,0,2023,7,3
"2023-08-28","CUST263",23,"Male","Beauty",2,30.0,60.0,263,1,2023,8,3
"2023-01-28","CUST264",47,"Male","Clothing",3,300.0,900.0,264,1,2023,1,1
"2023-12-11","CUST265",55,"Male","Clothing",3,300.0,900.0,265,1,2023,12,4
"2023-12-01","CUST266",19,"Female","Electronics",2,30.0,60.0,266,0,2023,12,4
"2023-11-27","CUST267",32,"Female","Beauty",3,30.0,90.0,267,0,2023,11,4
"2023-02-20","CUST268",28,"Female","Electronics",1,30.0,30.0,268,0,2023,2,1
"2023-02-01","CUST269",25,"Male","Clothing",4,500.0,2000.0,269,1,2023,2,1
"2023-07-26","CUST270",43,"Male","Electronics",1,300.0,300.0,270,1,2023,7,3
"2023-06-23","CUST271",62,"Female","Beauty",4,30.0,120.0,271,0,2023,6,2
"2023-02-25","CUST272",61,"Female","Electronics",2,50.0,100.0,272,0,2023,2,1
"2023-05-08","CUST273",22,"Female","Beauty",1,50.0,50.0,273,0,2023,5,2
"2023-04-09","CUST274",23,"Female","Clothing",2,500.0,1000.0,274,0,2023,4,2
"2023-04-08","CUST275",43,"Male","Clothing",2,500.0,1000.0,275,1,2023,4,2
"2023-10-02","CUST276",21,"Female","Beauty",4,25.0,100.0,276,0,2023,10,4
"2023-08-18","CUST277",36,"Male","Clothing",4,25.0,100.0,277,1,2023,8,3
"2023-03-13","CUST278",37,"Female","Clothing",4,25.0,100.0,278,0,2023,3,1
"2023-08-05","CUST279",50,"Male","Clothing",1,500.0,500.0,279,1,2023,8,3
"2023-04-04","CUST280",37,"Female","Clothing",3,500.0,1500.0,280,0,2023,4,2
"2023-05-23","CUST281",29,"Female","Beauty",4,500.0,2000.0,281,0,2023,5,2
"2023-08-25","CUST282",64,"Female","Electronics",4,50.0,200.0,282,0,2023,8,3
"2023-05-08","CUST283",18,"Female","Electronics",1,500.0,500.0,283,0,2023,5,2
"2023-02-08","CUST284",43,"Male","Clothing",4,50.0,200.0,284,1,2023,2,1
"2023-08-15","CUST285",31,"Female","Electronics",1,25.0,25.0,285,0,2023,8,3
"2023-10-09","CUST286",55,"Male","Electronics",2,25.0,50.0,286,1,2023,10,4
"2023-02-20","CUST287",54,"Male","Clothing",4,25.0,100.0,287,1,2023,2,1
"2023-01-26","CUST288",28,"Male","Clothing",4,30.0,120.0,288,1,2023,1,1
"2023-11-30","CUST289",53,"Male","Electronics",2,30.0,60.0,289,1,2023,11,4
"2023-10-04","CUST290",30,"Female","Beauty",2,300.0,600.0,290,0,2023,10,4
"2023-01-08","CUST291",60,"Male","Clothing",2,300.0,600.0,291,1,2023,1,1
"2023-02-17","CUST292",20,"Male","Beauty",4,300.0,1200.0,292,1,2023,2,1
"2023-05-02","CUST293",50,"Male","Electronics",3,30.0,90.0,293,1,2023,5,2
"2023-03-27","CUST294",23,"Female","Clothing",3,30.0,90.0,294,0,2023,3,1
"2023-07-28","CUST295",27,"Female","Beauty",3,300.0,900.0,295,0,2023,7,3
"2023-09-06","CUST296",22,"Female","Clothing",4,300.0,1200.0,296,0,2023,9,3
"2023-09-04","CUST297",40,"Female","Electronics",2,500.0,1000.0,297,0,2023,9,3
"2023-04-20","CUST298",27,"Male","Beauty",4,300.0,1200.0,298,1,2023,4,2
"2023-07-25","CUST299",61,"Male","Electronics",2,500.0,1000.0,299,1,2023,7,3
"2023-01-31","CUST300",19,"Female","Electronics",4,50.0,200.0,300,0,2023,1,1
"2023-03-26","CUST301",30,"Male","Clothing",4,30.0,120.0,301,1,2023,3,1
"2023-07-14","CUST302",57,"Male","Beauty",2,300.0,600.0,302,1,2023,7,3
"2023-01-02","CUST303",19,"Male","Electronics",3,30.0,90.0,303,1,2023,1,1
"2023-07-19","CUST304",37,"Female","Electronics",2,30.0,60.0,304,0,2023,7,3
"2023-05-16","CUST305",18,"Female","Beauty",1,30.0,30.0,305,0,2023,5,2
"2023-08-21","CUST306",54,"Male","Electronics",1,50.0,50.0,306,1,2023,8,3
"2023-05-27","CUST307",26,"Female","Electronics",2,25.0,50.0,307,0,2023,5,2
"2023-08-05","CUST308",34,"Female","Beauty",4,300.0,1200.0,308,0,2023,8,3
"2023-12-23","CUST309",26,"Female","Beauty",1,25.0,25.0,309,0,2023,12,4
"2023-10-12","CUST310",28,"Female","Beauty",1,25.0,25.0,310,0,2023,10,4
"2023-12-05","CUST311",32,"Female","Beauty",4,25.0,100.0,311,0,2023,12,4
"2023-09-07","CUST312",41,"Male","Clothing",4,30.0,120.0,312,1,2023,9,3
"2023-03-21","CUST313",55,"Female","Beauty",3,500.0,1500.0,313,0,2023,3,1
"2023-04-08","CUST314",52,"Male","Clothing",4,30.0,120.0,314,1,2023,4,2
"2023-06-01","CUST315",47,"Male","Clothing",2,30.0,60.0,315,1,2023,6,2
"2023-04-22","CUST316",48,"Female","Clothing",2,25.0,50.0,316,0,2023,4,2
"2023-01-30","CUST317",22,"Male","Electronics",3,30.0,90.0,317,1,2023,1,1
"2023-10-24","CUST318",61,"Male","Clothing",1,25.0,25.0,318,1,2023,10,4
"2023-10-05","CUST319",31,"Male","Clothing",1,500.0,500.0,319,1,2023,10,4
"2023-02-01","CUST320",28,"Female","Electronics",4,300.0,1200.0,320,0,2023,2,1
"2023-06-10","CUST321",26,"Female","Electronics",2,25.0,50.0,321,0,2023,6,2
"2023-01-30","CUST322",51,"Male","Electronics",1,500.0,500.0,322,1,2023,1,1
"2023-01-26","CUST323",29,"Female","Beauty",3,300.0,900.0,323,0,2023,1,1
"2023-10-27","CUST324",52,"Female","Electronics",3,50.0,150.0,324,0,2023,10,4
"2023-09-02","CUST325",52,"Female","Electronics",2,25.0,50.0,325,0,2023,9,3
"2023-09-15","CUST326",18,"Female","Clothing",3,25.0,75.0,326,0,2023,9,3
"2023-09-29","CUST327",57,"Male","Electronics",3,50.0,150.0,327,1,2023,9,3
"2023-03-22","CUST328",39,"Male","Beauty",2,50.0,100.0,328,1,2023,3,1
"2023-01-30","CUST329",46,"Female","Electronics",4,25.0,100.0,329,0,2023,1,1
"2023-09-18","CUST330",25,"Female","Beauty",4,50.0,200.0,330,0,2023,9,3
"2023-02-11","CUST331",28,"Male","Electronics",3,30.0,90.0,331,1,2023,2,1
"2023-04-06","CUST332",58,"Male","Electronics",4,300.0,1200.0,332,1,2023,4,2
"2023-02-05","CUST333",54,"Female","Electronics",4,300.0,1200.0,333,0,2023,2,1
"2023-11-01","CUST334",31,"Male","Electronics",3,300.0,900.0,334,1,2023,11,4
"2023-02-04","CUST335",47,"Female","Beauty",4,30.0,120.0,335,0,2023,2,1
"2023-12-12","CUST336",52,"Female","Beauty",3,50.0,150.0,336,0,2023,12,4
"2023-05-01","CUST337",38,"Male","Clothing",1,500.0,500.0,337,1,2023,5,2
"2023-07-26","CUST338",54,"Male","Beauty",2,50.0,100.0,338,1,2023,7,3
"2023-03-03","CUST339",22,"Female","Electronics",2,25.0,50.0,339,0,2023,3,1
"2023-10-19","CUST340",36,"Female","Clothing",4,300.0,1200.0,340,0,2023,10,4
"2023-05-07","CUST341",31,"Male","Clothing",4,50.0,200.0,341,1,2023,5,2
"2023-10-24","CUST342",43,"Female","Clothing",4,500.0,2000.0,342,0,2023,10,4
"2023-11-01","CUST343",21,"Male","Electronics",2,25.0,50.0,343,1,2023,11,4
"2023-01-21","CUST344",42,"Female","Beauty",1,30.0,30.0,344,0,2023,1,1
"2023-11-14","CUST345",62,"Male","Electronics",1,30.0,30.0,345,1,2023,11,4
"2023-02-11","CUST346",59,"Male","Clothing",2,500.0,1000.0,346,1,2023,2,1
"2023-08-03","CUST347",42,"Male","Electronics",1,25.0,25.0,347,1,2023,8,3
"2023-12-03","CUST348",35,"Female","Electronics",2,300.0,600.0,348,0,2023,12,4
"2023-10-26","CUST349",57,"Female","Beauty",1,50.0,50.0,349,0,2023,10,4
"2023-10-17","CUST350",25,"Male","Beauty",3,25.0,75.0,350,1,2023,10,4
"2023-09-25","CUST351",56,"Female","Clothing",3,30.0,90.0,351,0,2023,9,3
"2023-06-11","CUST352",57,"Male","Electronics",2,500.0,1000.0,352,1,2023,6,2
"2023-05-14","CUST353",31,"Male","Electronics",1,500.0,500.0,353,1,2023,5,2
"2023-04-15","CUST354",49,"Female","Beauty",4,50.0,200.0,354,0,2023,4,2
"2023-12-09","CUST355",55,"Female","Electronics",1,500.0,500.0,355,0,2023,12,4
"2023-06-10","CUST356",50,"Male","Electronics",3,500.0,1500.0,356,1,2023,6,2
"2023-05-03","CUST357",40,"Female","Electronics",3,25.0,75.0,357,0,2023,5,2
"2023-05-16","CUST358",32,"Female","Beauty",1,300.0,300.0,358,0,2023,5,2
"2023-07-22","CUST359",50,"Male","Clothing",1,50.0,50.0,359,1,2023,7,3
"2023-03-09","CUST360",42,"Male","Clothing",4,25.0,100.0,360,1,2023,3,1
"2023-12-10","CUST361",34,"Female","Electronics",4,300.0,1200.0,361,0,2023,12,4
"2023-11-27","CUST362",50,"Male","Clothing",1,25.0,25.0,362,1,2023,11,4
"2023-06-03","CUST363",64,"Male","Beauty",1,25.0,25.0,363,1,2023,6,2
"2023-08-23","CUST364",19,"Female","Beauty",1,500.0,500.0,364,0,2023,8,3
"2023-06-11","CUST365",31,"Male","Clothing",1,300.0,300.0,365,1,2023,6,2
"2023-02-07","CUST366",57,"Male","Clothing",2,50.0,100.0,366,1,2023,2,1
"2023-01-05","CUST367",57,"Female","Electronics",1,50.0,50.0,367,0,2023,1,1
"2023-08-23","CUST368",56,"Female","Clothing",4,300.0,1200.0,368,0,2023,8,3
"2023-11-15","CUST369",23,"Male","Electronics",3,500.0,1500.0,369,1,2023,11,4
"2023-10-16","CUST370",23,"Male","Electronics",2,30.0,60.0,370,1,2023,10,4
"2023-02-21","CUST371",20,"Female","Beauty",1,25.0,25.0,371,0,2023,2,1
"2023-02-07","CUST372",24,"Female","Beauty",3,500.0,1500.0,372,0,2023,2,1
"2023-10-03","CUST373",25,"Female","Beauty",2,300.0,600.0,373,0,2023,10,4
"2023-04-20","CUST374",59,"Female","Beauty",3,25.0,75.0,374,0,2023,4,2
"2023-09-17","CUST375",32,"Male","Clothing",1,50.0,50.0,375,1,2023,9,3
"2023-05-16","CUST376",64,"Female","Beauty",1,30.0,30.0,376,0,2023,5,2
"2023-03-09","CUST377",46,"Female","Clothing",4,50.0,200.0,377,0,2023,3,1
"2023-06-28","CUST378",50,"Male","Beauty",1,300.0,300.0,378,1,2023,6,2
"2023-02-05","CUST379",47,"Female","Clothing",1,25.0,25.0,379,0,2023,2,1
"2023-05-06","CUST380",56,"Male","Electronics",2,300.0,600.0,380,1,2023,5,2
"2023-07-09","CUST381",44,"Female","Clothing",4,25.0,100.0,381,0,2023,7,3
"2023-05-26","CUST382",53,"Female","Clothing",2,500.0,1000.0,382,0,2023,5,2
"2023-03-22","CUST383",46,"Female","Beauty",3,30.0,90.0,383,0,2023,3,1
"2023-08-13","CUST384",55,"Male","Clothing",1,500.0,500.0,384,1,2023,8,3
"2023-10-06","CUST385",50,"Male","Electronics",3,500.0,1500.0,385,1,2023,10,4
"2023-12-27","CUST386",54,"Female","Electronics",2,300.0,600.0,386,0,2023,12,4
"2023-06-04","CUST387",44,"Male","Beauty",1,30.0,30.0,387,1,2023,6,2
"2023-11-10","CUST388",50,"Male","Electronics",1,25.0,25.0,388,1,2023,11,4
"2023-12-01","CUST389",21,"Male","Clothing",2,25.0,50.0,389,1,2023,12,4
"2023-09-28","CUST390",39,"Male","Electronics",2,50.0,100.0,390,1,2023,9,3
"2023-01-05","CUST391",19,"Male","Beauty",2,25.0,50.0,391,1,2023,1,1
"2023-12-08","CUST392",27,"Male","Clothing",2,300.0,600.0,392,1,2023,12,4
"2023-10-11","CUST393",22,"Female","Beauty",2,500.0,1000.0,393,0,2023,10,4
"2023-06-03","CUST394",27,"Female","Clothing",1,500.0,500.0,394,0,2023,6,2
"2023-12-06","CUST395",50,"Male","Electronics",2,500.0,1000.0,395,1,2023,12,4
"2023-02-23","CUST396",55,"Female","Beauty",1,30.0,30.0,396,0,2023,2,1
"2023-03-10","CUST397",30,"Female","Beauty",1,25.0,25.0,397,0,2023,3,1
"2023-05-16","CUST398",48,"Female","Clothing",2,300.0,600.0,398,0,2023,5,2
"2023-03-01","CUST399",64,"Female","Beauty",2,30.0,60.0,399,0,2023,3,1
"2023-02-24","CUST400",53,"Male","Clothing",4,50.0,200.0,400,1,2023,2,1
"2023-10-11","CUST401",62,"Female","Clothing",1,300.0,300.0,401,0,2023,10,4
"2023-03-21","CUST402",41,"Female","Clothing",2,300.0,600.0,402,0,2023,3,1
"2023-05-20","CUST403",32,"Male","Clothing",2,300.0,600.0,403,1,2023,5,2
"2023-05-25","CUST404",46,"Male","Electronics",2,500.0,1000.0,404,1,2023,5,2
"2023-11-06","CUST405",25,"Female","Clothing",4,300.0,1200.0,405,0,2023,11,4
"2023-04-18","CUST406",22,"Female","Beauty",4,25.0,100.0,406,0,2023,4,2
"2023-06-25","CUST407",46,"Female","Electronics",3,300.0,900.0,407,0,2023,6,2
"2023-04-15","CUST408",64,"Female","Beauty",1,500.0,500.0,408,0,2023,4,2
"2023-12-18","CUST409",21,"Female","Electronics",3,300.0,900.0,409,0,2023,12,4
"2023-11-21","CUST410",29,"Female","Clothing",2,50.0,100.0,410,0,2023,11,4
"2023-05-16","CUST411",62,"Male","Electronics",4,50.0,200.0,411,1,2023,5,2
"2023-09-16","CUST412",19,"Female","Electronics",4,500.0,2000.0,412,0,2023,9,3
"2023-09-08","CUST413",44,"Female","Beauty",3,25.0,75.0,413,0,2023,9,3
"2023-05-09","CUST414",48,"Male","Beauty",4,25.0,100.0,414,1,2023,5,2
"2023-01-27","CUST415",53,"Male","Clothing",2,30.0,60.0,415,1,2023,1,1
"2023-02-17","CUST416",53,"Male","Electronics",4,500.0,2000.0,416,1,2023,2,1
"2023-11-21","CUST417",43,"Male","Electronics",3,300.0,900.0,417,1,2023,11,4
"2023-08-05","CUST418",60,"Female","Electronics",2,500.0,1000.0,418,0,2023,8,3
"2023-05-22","CUST419",44,"Female","Clothing",3,30.0,90.0,419,0,2023,5,2
"2023-01-23","CUST420",22,"Female","Clothing",4,500.0,2000.0,420,0,2023,1,1
"2023-01-02","CUST421",37,"Female","Clothing",3,500.0,1500.0,421,0,2023,1,1
"2023-06-20","CUST422",28,"Female","Clothing",3,30.0,90.0,422,0,2023,6,2
"2023-03-08","CUST423",27,"Female","Clothing",1,25.0,25.0,423,0,2023,3,1
"2023-11-23","CUST424",57,"Male","Beauty",4,300.0,1200.0,424,1,2023,11,4
"2023-05-15","CUST425",55,"Female","Electronics",4,30.0,120.0,425,0,2023,5,2
"2023-03-24","CUST426",23,"Male","Electronics",3,50.0,150.0,426,1,2023,3,1
"2023-08-15","CUST427",25,"Male","Electronics",1,25.0,25.0,427,1,2023,8,3
"2023-10-10","CUST428",40,"Female","Electronics",4,50.0,200.0,428,0,2023,10,4
"2023-12-28","CUST429",64,"Male","Electronics",2,25.0,50.0,429,1,2023,12,4
"2023-08-07","CUST430",43,"Female","Electronics",3,300.0,900.0,430,0,2023,8,3
"2023-10-15","CUST431",63,"Male","Electronics",4,300.0,1200.0,431,1,2023,10,4
"2023-01-05","CUST432",60,"Female","Electronics",2,500.0,1000.0,432,0,2023,1,1
"2023-02-27","CUST433",29,"Male","Beauty",4,50.0,200.0,433,1,2023,2,1
"2023-02-08","CUST434",43,"Female","Electronics",2,25.0,50.0,434,0,2023,2,1
"2023-12-20","CUST435",30,"Female","Beauty",3,300.0,900.0,435,0,2023,12,4
"2023-03-18","CUST436",57,"Female","Clothing",4,30.0,120.0,436,0,2023,3,1
"2023-10-07","CUST437",35,"Female","Electronics",4,300.0,1200.0,437,0,2023,10,4
"2023-01-19","CUST438",42,"Female","Clothing",1,30.0,30.0,438,0,2023,1,1
"2023-07-09","CUST439",50,"Male","Clothing",3,25.0,75.0,439,1,2023,7,3
"2023-10-26","CUST440",64,"Male","Clothing",2,300.0,600.0,440,1,2023,10,4
"2023-10-10","CUST441",57,"Male","Beauty",4,300.0,1200.0,441,1,2023,10,4
"2023-03-17","CUST442",60,"Female","Clothing",4,25.0,100.0,442,0,2023,3,1
"2023-08-09","CUST443",29,"Male","Clothing",2,300.0,600.0,443,1,2023,8,3
"2023-03-07","CUST444",61,"Female","Clothing",3,30.0,90.0,444,0,2023,3,1
"2023-01-22","CUST445",53,"Female","Electronics",1,300.0,300.0,445,0,2023,1,1
"2023-06-07","CUST446",21,"Male","Electronics",1,50.0,50.0,446,1,2023,6,2
"2023-07-06","CUST447",22,"Male","Beauty",4,500.0,2000.0,447,1,2023,7,3
"2023-01-21","CUST448",54,"Female","Beauty",2,30.0,60.0,448,0,2023,1,1
"2023-07-03","CUST449",25,"Male","Electronics",4,50.0,200.0,449,1,2023,7,3
"2023-04-18","CUST450",59,"Female","Beauty",2,25.0,50.0,450,0,2023,4,2
"2023-12-16","CUST451",45,"Female","Electronics",1,30.0,30.0,451,0,2023,12,4
"2023-05-08","CUST452",48,"Female","Clothing",3,500.0,1500.0,452,0,2023,5,2
"2023-12-08","CUST453",26,"Female","Clothing",2,500.0,1000.0,453,0,2023,12,4
"2023-02-22","CUST454",46,"Female","Beauty",1,25.0,25.0,454,0,2023,2,1
"2023-07-01","CUST455",31,"Male","Electronics",4,25.0,100.0,455,1,2023,7,3
"2023-10-14","CUST456",57,"Male","Electronics",2,30.0,60.0,456,1,2023,10,4
"2023-07-28","CUST457",58,"Female","Beauty",3,300.0,900.0,457,0,2023,7,3
"2023-11-14","CUST458",39,"Female","Electronics",4,25.0,100.0,458,0,2023,11,4
"2023-03-21","CUST459",28,"Male","Clothing",4,300.0,1200.0,459,1,2023,3,1
"2023-05-02","CUST460",40,"Male","Beauty",1,50.0,50.0,460,1,2023,5,2
"2023-03-25","CUST461",18,"Female","Beauty",2,500.0,1000.0,461,0,2023,3,1
"2023-04-01","CUST462",63,"Male","Electronics",4,300.0,1200.0,462,1,2023,4,2
"2023-07-31","CUST463",54,"Female","Beauty",3,500.0,1500.0,463,0,2023,7,3
"2023-01-13","CUST464",38,"Male","Electronics",2,300.0,600.0,464,1,2023,1,1
"2023-04-02","CUST465",43,"Female","Electronics",3,50.0,150.0,465,0,2023,4,2
"2023-06-20","CUST466",63,"Male","Electronics",4,25.0,100.0,466,1,2023,6,2
"2023-07-30","CUST467",53,"Female","Electronics",3,50.0,150.0,467,0,2023,7,3
"2023-12-09","CUST468",40,"Male","Electronics",1,25.0,25.0,468,1,2023,12,4
"2023-05-08","CUST469",18,"Male","Beauty",3,25.0,75.0,469,1,2023,5,2
"2023-05-17","CUST470",57,"Female","Clothing",2,500.0,1000.0,470,0,2023,5,2
"2023-03-23","CUST471",32,"Male","Clothing",3,50.0,150.0,471,1,2023,3,1
"2023-12-26","CUST472",38,"Female","Beauty",3,300.0,900.0,472,0,2023,12,4
"2023-02-25","CUST473",64,"Male","Beauty",1,50.0,50.0,473,1,2023,2,1
"2023-07-15","CUST474",26,"Female","Clothing",3,500.0,1500.0,474,0,2023,7,3
"2023-01-20","CUST475",26,"Male","Clothing",3,25.0,75.0,475,1,2023,1,1
"2023-08-29","CUST476",27,"Female","Clothing",4,500.0,2000.0,476,0,2023,8,3
"2023-04-24","CUST477",43,"Male","Clothing",4,30.0,120.0,477,1,2023,4,2
"2023-04-13","CUST478",58,"Female","Clothing",2,30.0,60.0,478,0,2023,4,2
"2023-08-24","CUST479",52,"Male","Electronics",4,300.0,1200.0,479,1,2023,8,3
"2023-06-29","CUST480",42,"Female","Beauty",4,500.0,2000.0,480,0,2023,6,2
"2023-06-06","CUST481",43,"Female","Electronics",4,300.0,1200.0,481,0,2023,6,2
"2023-04-27","CUST482",28,"Female","Clothing",4,300.0,1200.0,482,0,2023,4,2
"2023-04-25","CUST483",55,"Male","Clothing",1,30.0,30.0,483,1,2023,4,2
"2023-01-13","CUST484",19,"Female","Clothing",4,300.0,1200.0,484,0,2023,1,1
"2023-12-04","CUST485",24,"Male","Electronics",1,30.0,30.0,485,1,2023,12,4
"2023-04-09","CUST486",35,"Female","Electronics",1,25.0,25.0,486,0,2023,4,2
"2023-07-24","CUST487",44,"Male","Clothing",4,500.0,2000.0,487,1,2023,7,3
"2023-06-18","CUST488",51,"Female","Electronics",3,300.0,900.0,488,0,2023,6,2
"2023-05-23","CUST489",44,"Male","Electronics",1,30.0,30.0,489,1,2023,5,2
"2023-02-05","CUST490",34,"Male","Clothing",3,50.0,150.0,490,1,2023,2,1
"2023-05-23","CUST491",60,"Female","Electronics",3,300.0,900.0,491,0,2023,5,2
"2023-06-29","CUST492",61,"Male","Beauty",4,25.0,100.0,492,1,2023,6,2
"2023-11-25","CUST493",41,"Male","Beauty",2,25.0,50.0,493,1,2023,11,4
"2023-09-18","CUST494",42,"Female","Beauty",4,50.0,200.0,494,0,2023,9,3
"2023-07-24","CUST495",24,"Male","Beauty",2,30.0,60.0,495,1,2023,7,3
"2023-12-14","CUST496",23,"Male","Clothing",2,300.0,600.0,496,1,2023,12,4
"2023-10-02","CUST497",41,"Male","Clothing",4,30.0,120.0,497,1,2023,10,4
"2023-06-19","CUST498",50,"Female","Clothing",4,25.0,100.0,498,0,2023,6,2
"2023-01-15","CUST499",46,"Male","Beauty",2,30.0,60.0,499,1,2023,1,1
"2023-03-01","CUST500",60,"Female","Beauty",4,25.0,100.0,500,0,2023,3,1
"2023-05-14","CUST501",39,"Male","Electronics",2,30.0,60.0,501,1,2023,5,2
"2023-04-02","CUST502",43,"Male","Electronics",3,50.0,150.0,502,1,2023,4,2
"2023-10-25","CUST503",45,"Male","Beauty",4,500.0,2000.0,503,1,2023,10,4
"2023-05-16","CUST504",38,"Female","Beauty",3,50.0,150.0,504,0,2023,5,2
"2023-01-20","CUST505",24,"Male","Beauty",1,50.0,50.0,505,1,2023,1,1
"2023-02-25","CUST506",34,"Male","Beauty",3,500.0,1500.0,506,1,2023,2,1
"2023-11-02","CUST507",37,"Female","Electronics",3,500.0,1500.0,507,0,2023,11,4
"2023-08-11","CUST508",58,"Male","Beauty",2,300.0,600.0,508,1,2023,8,3
"2023-06-26","CUST509",37,"Female","Electronics",3,300.0,900.0,509,0,2023,6,2
"2023-06-10","CUST510",39,"Female","Beauty",4,50.0,200.0,510,0,2023,6,2
"2023-08-12","CUST511",45,"Male","Beauty",2,50.0,100.0,511,1,2023,8,3
"2023-11-07","CUST512",57,"Female","Beauty",1,25.0,25.0,512,0,2023,11,4
"2023-09-19","CUST513",24,"Male","Electronics",4,25.0,100.0,513,1,2023,9,3
"2023-03-01","CUST514",18,"Female","Electronics",1,300.0,300.0,514,0,2023,3,1
"2023-07-17","CUST515",49,"Female","Clothing",3,300.0,900.0,515,0,2023,7,3
"2023-10-23","CUST516",30,"Male","Beauty",4,25.0,100.0,516,1,2023,10,4
"2023-04-08","CUST517",47,"Female","Clothing",4,25.0,100.0,517,0,2023,4,2
"2023-05-11","CUST518",40,"Female","Clothing",1,30.0,30.0,518,0,2023,5,2
"2023-01-23","CUST519",36,"Female","Electronics",4,30.0,120.0,519,0,2023,1,1
"2023-12-29","CUST520",49,"Female","Electronics",4,25.0,100.0,520,0,2023,12,4
"2023-08-12","CUST521",47,"Female","Clothing",4,30.0,120.0,521,0,2023,8,3
"2023-01-01","CUST522",46,"Male","Beauty",3,500.0,1500.0,522,1,2023,1,1
"2023-09-24","CUST523",62,"Female","Electronics",1,300.0,300.0,523,0,2023,9,3
"2023-10-03","CUST524",46,"Male","Beauty",4,300.0,1200.0,524,1,2023,10,4
"2023-12-18","CUST525",47,"Female","Beauty",2,25.0,50.0,525,0,2023,12,4
"2023-12-10","CUST526",33,"Male","Clothing",2,50.0,100.0,526,1,2023,12,4
"2023-04-11","CUST527",57,"Male","Clothing",2,25.0,50.0,527,1,2023,4,2
"2023-07-06","CUST528",36,"Female","Clothing",2,30.0,60.0,528,0,2023,7,3
"2023-08-09","CUST529",35,"Female","Clothing",3,50.0,150.0,529,0,2023,8,3
"2023-02-05","CUST530",18,"Female","Electronics",4,30.0,120.0,530,0,2023,2,1
"2023-12-07","CUST531",31,"Male","Electronics",1,500.0,500.0,531,1,2023,12,4
"2023-06-19","CUST532",64,"Female","Clothing",4,30.0,120.0,532,0,2023,6,2
"2023-11-16","CUST533",19,"Male","Electronics",3,500.0,1500.0,533,1,2023,11,4
"2023-06-10","CUST534",45,"Male","Clothing",2,500.0,1000.0,534,1,2023,6,2
"2023-12-06","CUST535",47,"Male","Beauty",3,30.0,90.0,535,1,2023,12,4
"2023-03-05","CUST536",55,"Female","Beauty",4,30.0,120.0,536,0,2023,3,1
"2023-06-03","CUST537",21,"Female","Beauty",1,500.0,500.0,537,0,2023,6,2
"2023-09-17","CUST538",18,"Male","Clothing",3,50.0,150.0,538,1,2023,9,3
"2023-06-08","CUST539",25,"Male","Beauty",1,500.0,500.0,539,1,2023,6,2
"2023-12-08","CUST540",46,"Female","Electronics",3,300.0,900.0,540,0,2023,12,4
"2023-07-29","CUST541",56,"Male","Beauty",1,500.0,500.0,541,1,2023,7,3
"2023-06-17","CUST542",20,"Female","Beauty",1,50.0,50.0,542,0,2023,6,2
"2023-07-26","CUST543",49,"Male","Beauty",2,300.0,600.0,543,1,2023,7,3
"2023-12-23","CUST544",27,"Female","Electronics",1,25.0,25.0,544,0,2023,12,4
"2023-06-01","CUST545",27,"Male","Clothing",2,25.0,50.0,545,1,2023,6,2
"2023-10-11","CUST546",36,"Female","Electronics",4,50.0,200.0,546,0,2023,10,4
"2023-03-07","CUST547",63,"Male","Clothing",4,500.0,2000.0,547,1,2023,3,1
"2023-04-09","CUST548",51,"Female","Clothing",2,30.0,60.0,548,0,2023,4,2
"2023-08-04","CUST549",50,"Female","Beauty",2,50.0,100.0,549,0,2023,8,3
"2023-12-07","CUST550",40,"Male","Clothing",3,300.0,900.0,550,1,2023,12,4
"2023-07-14","CUST551",45,"Male","Electronics",3,300.0,900.0,551,1,2023,7,3
"2023-12-13","CUST552",49,"Female","Electronics",3,25.0,75.0,552,0,2023,12,4
"2023-03-31","CUST553",24,"Male","Clothing",4,300.0,1200.0,553,1,2023,3,1
"2023-11-12","CUST554",46,"Female","Beauty",3,50.0,150.0,554,0,2023,11,4
"2023-10-19","CUST555",25,"Male","Beauty",1,300.0,300.0,555,1,2023,10,4
"2023-06-04","CUST556",18,"Female","Electronics",1,50.0,50.0,556,0,2023,6,2
"2023-07-27","CUST557",20,"Female","Beauty",3,30.0,90.0,557,0,2023,7,3
"2023-10-08","CUST558",41,"Female","Clothing",1,25.0,25.0,558,0,2023,10,4
"2023-01-01","CUST559",40,"Female","Clothing",4,300.0,1200.0,559,0,2023,1,1
"2023-06-05","CUST560",25,"Female","Electronics",1,50.0,50.0,560,0,2023,6,2
"2023-05-27","CUST561",64,"Female","Clothing",4,500.0,2000.0,561,0,2023,5,2
"2023-04-18","CUST562",54,"Male","Electronics",2,25.0,50.0,562,1,2023,4,2
"2023-08-09","CUST563",20,"Male","Clothing",2,30.0,60.0,563,1,2023,8,3
"2023-10-24","CUST564",50,"Male","Electronics",2,50.0,100.0,564,1,2023,10,4
"2023-11-07","CUST565",45,"Female","Beauty",2,30.0,60.0,565,0,2023,11,4
"2023-12-02","CUST566",64,"Female","Clothing",1,30.0,30.0,566,0,2023,12,4
"2023-06-14","CUST567",25,"Female","Clothing",3,300.0,900.0,567,0,2023,6,2
"2023-08-27","CUST568",51,"Female","Electronics",1,300.0,300.0,568,0,2023,8,3
"2023-08-15","CUST569",52,"Male","Electronics",4,50.0,200.0,569,1,2023,8,3
"2023-08-15","CUST570",49,"Male","Clothing",1,500.0,500.0,570,1,2023,8,3
"2023-12-12","CUST571",41,"Female","Electronics",1,50.0,50.0,571,0,2023,12,4
"2023-04-20","CUST572",31,"Male","Clothing",4,500.0,2000.0,572,1,2023,4,2
"2023-09-19","CUST573",49,"Male","Beauty",2,30.0,60.0,573,1,2023,9,3
"2023-08-31","CUST574",63,"Female","Electronics",2,25.0,50.0,574,0,2023,8,3
"2023-03-28","CUST575",60,"Male","Clothing",2,50.0,100.0,575,1,2023,3,1
"2023-12-04","CUST576",33,"Female","Beauty",3,50.0,150.0,576,0,2023,12,4
"2023-02-13","CUST577",21,"Male","Beauty",4,500.0,2000.0,577,1,2023,2,1
"2023-05-26","CUST578",54,"Female","Clothing",4,30.0,120.0,578,0,2023,5,2
"2023-09-21","CUST579",38,"Female","Electronics",1,30.0,30.0,579,0,2023,9,3
"2023-12-06","CUST580",31,"Female","Clothing",3,500.0,1500.0,580,0,2023,12,4
"2023-11-21","CUST581",48,"Female","Beauty",2,30.0,60.0,581,0,2023,11,4
"2023-11-14","CUST582",35,"Male","Clothing",3,300.0,900.0,582,1,2023,11,4
"2023-06-21","CUST583",24,"Female","Electronics",4,25.0,100.0,583,0,2023,6,2
"2023-02-17","CUST584",27,"Female","Beauty",4,50.0,200.0,584,0,2023,2,1
"2023-05-01","CUST585",24,"Female","Clothing",1,25.0,25.0,585,0,2023,5,2
"2023-12-11","CUST586",50,"Male","Electronics",1,50.0,50.0,586,1,2023,12,4
"2023-06-08","CUST587",40,"Female","Beauty",4,300.0,1200.0,587,0,2023,6,2
"2023-04-26","CUST588",38,"Male","Electronics",2,30.0,60.0,588,1,2023,4,2
"2023-04-12","CUST589",36,"Female","Beauty",2,500.0,1000.0,589,0,2023,4,2
"2023-03-17","CUST590",36,"Male","Clothing",3,300.0,900.0,590,1,2023,3,1
"2023-01-13","CUST591",53,"Male","Electronics",4,25.0,100.0,591,1,2023,1,1
"2023-01-24","CUST592",46,"Female","Beauty",4,500.0,2000.0,592,0,2023,1,1
"2023-05-06","CUST593",35,"Male","Electronics",2,30.0,60.0,593,1,2023,5,2
"2023-09-01","CUST594",19,"Female","Electronics",2,300.0,600.0,594,0,2023,9,3
"2023-11-09","CUST595",18,"Female","Clothing",4,500.0,2000.0,595,0,2023,11,4
"2023-02-07","CUST596",64,"Female","Electronics",1,300.0,300.0,596,0,2023,2,1
"2023-08-22","CUST597",22,"Male","Beauty",4,300.0,1200.0,597,1,2023,8,3
"2023-08-01","CUST598",37,"Male","Beauty",4,30.0,120.0,598,1,2023,8,3
"2023-11-19","CUST599",28,"Female","Beauty",2,50.0,100.0,599,0,2023,11,4
"2023-10-22","CUST600",59,"Female","Beauty",2,500.0,1000.0,600,0,2023,10,4
"2023-04-10","CUST601",19,"Male","Clothing",1,30.0,30.0,601,1,2023,4,2
"2023-12-23","CUST602",20,"Female","Electronics",1,300.0,300.0,602,0,2023,12,4
"2023-07-16","CUST603",40,"Female","Clothing",3,30.0,90.0,603,0,2023,7,3
"2023-09-11","CUST604",29,"Female","Electronics",4,50.0,200.0,604,0,2023,9,3
"2023-07-24","CUST605",37,"Male","Electronics",2,500.0,1000.0,605,1,2023,7,3
"2023-05-05","CUST606",22,"Male","Electronics",1,50.0,50.0,606,1,2023,5,2
"2023-03-17","CUST607",54,"Male","Clothing",3,25.0,75.0,607,1,2023,3,1
"2023-12-02","CUST608",55,"Female","Electronics",3,500.0,1500.0,608,0,2023,12,4
"2023-12-19","CUST609",47,"Female","Clothing",2,50.0,100.0,609,0,2023,12,4
"2023-01-03","CUST610",26,"Female","Beauty",2,300.0,600.0,610,0,2023,1,1
"2023-02-24","CUST611",51,"Male","Beauty",3,500.0,1500.0,611,1,2023,2,1
"2023-08-06","CUST612",61,"Female","Electronics",1,500.0,500.0,612,0,2023,8,3
"2023-04-23","CUST613",52,"Female","Clothing",3,30.0,90.0,613,0,2023,4,2
"2023-04-01","CUST614",39,"Female","Beauty",4,300.0,1200.0,614,0,2023,4,2
"2023-12-23","CUST615",61,"Female","Clothing",4,25.0,100.0,615,0,2023,12,4
"2023-09-23","CUST616",41,"Male","Clothing",2,50.0,100.0,616,1,2023,9,3
"2023-08-26","CUST617",34,"Male","Electronics",1,30.0,30.0,617,1,2023,8,3
"2023-01-26","CUST618",27,"Female","Beauty",1,50.0,50.0,618,0,2023,1,1
"2023-10-13","CUST619",47,"Male","Electronics",4,25.0,100.0,619,1,2023,10,4
"2023-05-08","CUST620",63,"Male","Electronics",3,25.0,75.0,620,1,2023,5,2
"2023-03-04","CUST621",40,"Female","Beauty",2,500.0,1000.0,621,0,2023,3,1
"2023-08-22","CUST622",49,"Female","Beauty",3,25.0,75.0,622,0,2023,8,3
"2023-03-10","CUST623",34,"Male","Clothing",3,50.0,150.0,623,1,2023,3,1
"2023-08-26","CUST624",34,"Female","Beauty",3,300.0,900.0,624,0,2023,8,3
"2023-12-08","CUST625",31,"Male","Clothing",1,300.0,300.0,625,1,2023,12,4
"2023-09-29","CUST626",26,"Female","Clothing",4,500.0,2000.0,626,0,2023,9,3
"2023-10-14","CUST627",57,"Male","Clothing",1,50.0,50.0,627,1,2023,10,4
"2023-11-01","CUST628",19,"Female","Beauty",4,50.0,200.0,628,0,2023,11,4
"2023-06-12","CUST629",62,"Male","Electronics",2,25.0,50.0,629,1,2023,6,2
"2023-08-15","CUST630",42,"Male","Clothing",2,50.0,100.0,630,1,2023,8,3
"2023-11-10","CUST631",56,"Male","Electronics",3,30.0,90.0,631,1,2023,11,4
"2023-09-16","CUST632",26,"Female","Electronics",4,25.0,100.0,632,0,2023,9,3
"2023-08-07","CUST633",39,"Male","Beauty",4,30.0,120.0,633,1,2023,8,3
"2023-10-08","CUST634",60,"Male","Electronics",4,500.0,2000.0,634,1,2023,10,4
"2023-08-17","CUST635",63,"Female","Electronics",3,300.0,900.0,635,0,2023,8,3
"2023-03-23","CUST636",21,"Female","Beauty",3,500.0,1500.0,636,0,2023,3,1
"2023-09-01","CUST637",43,"Male","Clothing",2,300.0,600.0,637,1,2023,9,3
"2023-08-19","CUST638",46,"Male","Electronics",1,500.0,500.0,638,1,2023,8,3
"2023-05-13","CUST639",62,"Female","Beauty",4,50.0,200.0,639,0,2023,5,2
"2023-05-07","CUST640",51,"Female","Electronics",4,30.0,120.0,640,0,2023,5,2
"2023-11-23","CUST641",40,"Female","Electronics",1,300.0,300.0,641,0,2023,11,4
"2023-05-22","CUST642",54,"Female","Clothing",4,25.0,100.0,642,0,2023,5,2
"2023-09-24","CUST643",28,"Female","Electronics",3,30.0,90.0,643,0,2023,9,3
"2023-09-06","CUST644",23,"Male","Beauty",3,25.0,75.0,644,1,2023,9,3
"2023-11-17","CUST645",35,"Female","Electronics",4,30.0,120.0,645,0,2023,11,4
"2023-05-03","CUST646",38,"Male","Clothing",3,30.0,90.0,646,1,2023,5,2
"2023-05-21","CUST647",59,"Male","Clothing",3,500.0,1500.0,647,1,2023,5,2
"2023-08-14","CUST648",53,"Male","Beauty",4,300.0,1200.0,648,1,2023,8,3
"2023-02-09","CUST649",58,"Female","Clothing",2,300.0,600.0,649,0,2023,2,1
"2024-01-01","CUST650",55,"Male","Electronics",1,30.0,30.0,650,1,2024,1,1
"2023-05-27","CUST651",51,"Male","Clothing",3,50.0,150.0,651,1,2023,5,2
"2023-05-01","CUST652",34,"Female","Beauty",2,50.0,100.0,652,0,2023,5,2
"2023-05-20","CUST653",54,"Male","Clothing",3,25.0,75.0,653,1,2023,5,2
"2023-06-21","CUST654",42,"Male","Clothing",3,25.0,75.0,654,1,2023,6,2
"2023-06-13","CUST655",55,"Female","Clothing",1,500.0,500.0,655,0,2023,6,2
"2023-10-04","CUST656",29,"Male","Beauty",3,30.0,90.0,656,1,2023,10,4
"2023-02-11","CUST657",40,"Male","Clothing",1,25.0,25.0,657,1,2023,2,1
"2023-03-12","CUST658",59,"Male","Clothing",1,25.0,25.0,658,1,2023,3,1
"2023-03-19","CUST659",39,"Female","Electronics",1,30.0,30.0,659,0,2023,3,1
"2023-04-29","CUST660",38,"Female","Beauty",2,500.0,1000.0,660,0,2023,4,2
"2023-07-16","CUST661",44,"Female","Clothing",4,25.0,100.0,661,0,2023,7,3
"2023-12-22","CUST662",48,"Male","Beauty",2,500.0,1000.0,662,1,2023,12,4
"2023-03-20","CUST663",23,"Male","Clothing",4,300.0,1200.0,663,1,2023,3,1
"2023-12-28","CUST664",44,"Female","Clothing",4,500.0,2000.0,664,0,2023,12,4
"2023-04-20","CUST665",57,"Male","Clothing",1,50.0,50.0,665,1,2023,4,2
"2023-02-02","CUST666",51,"Male","Electronics",3,50.0,150.0,666,1,2023,2,1
"2023-08-01","CUST667",29,"Female","Electronics",1,500.0,500.0,667,0,2023,8,3
"2023-07-28","CUST668",62,"Female","Electronics",3,50.0,150.0,668,0,2023,7,3
"2023-06-19","CUST669",24,"Male","Beauty",4,300.0,1200.0,669,1,2023,6,2
"2023-10-05","CUST670",27,"Male","Beauty",1,30.0,30.0,670,1,2023,10,4
"2023-08-27","CUST671",62,"Male","Electronics",3,50.0,150.0,671,1,2023,8,3
"2023-08-01","CUST672",34,"Female","Beauty",2,50.0,100.0,672,0,2023,8,3
"2023-02-01","CUST673",43,"Female","Clothing",3,500.0,1500.0,673,0,2023,2,1
"2023-04-16","CUST674",38,"Female","Clothing",1,300.0,300.0,674,0,2023,4,2
"2023-08-04","CUST675",45,"Female","Clothing",2,30.0,60.0,675,0,2023,8,3
"2023-07-19","CUST676",63,"Male","Electronics",3,500.0,1500.0,676,1,2023,7,3
"2023-10-27","CUST677",19,"Female","Beauty",3,500.0,1500.0,677,0,2023,10,4
"2023-12-23","CUST678",60,"Female","Electronics",3,300.0,900.0,678,0,2023,12,4
"2023-01-11","CUST679",18,"Female","Beauty",3,30.0,90.0,679,0,2023,1,1
"2023-10-22","CUST680",53,"Female","Clothing",3,300.0,900.0,680,0,2023,10,4
"2023-07-14","CUST681",43,"Female","Electronics",2,30.0,60.0,681,0,2023,7,3
"2023-09-02","CUST682",46,"Male","Beauty",4,300.0,1200.0,682,1,2023,9,3
"2023-01-04","CUST683",38,"Male","Beauty",2,500.0,1000.0,683,1,2023,1,1
"2023-06-30","CUST684",28,"Female","Clothing",2,500.0,1000.0,684,0,2023,6,2
"2023-06-02","CUST685",57,"Male","Electronics",2,25.0,50.0,685,1,2023,6,2
"2023-07-19","CUST686",28,"Female","Electronics",4,50.0,200.0,686,0,2023,7,3
"2023-08-03","CUST687",53,"Female","Electronics",1,300.0,300.0,687,0,2023,8,3
"2023-10-03","CUST688",56,"Male","Clothing",4,25.0,100.0,688,1,2023,10,4
"2023-10-07","CUST689",57,"Male","Electronics",2,50.0,100.0,689,1,2023,10,4
"2023-11-05","CUST690",52,"Female","Clothing",3,300.0,900.0,690,0,2023,11,4
"2023-04-23","CUST691",51,"Female","Clothing",3,30.0,90.0,691,0,2023,4,2
"2023-09-07","CUST692",64,"Female","Clothing",2,50.0,100.0,692,0,2023,9,3
"2023-04-23","CUST693",41,"Male","Beauty",3,500.0,1500.0,693,1,2023,4,2
"2023-05-20","CUST694",39,"Female","Electronics",2,25.0,50.0,694,0,2023,5,2
"2023-08-12","CUST695",22,"Female","Electronics",3,50.0,150.0,695,0,2023,8,3
"2023-09-06","CUST696",50,"Female","Clothing",4,50.0,200.0,696,0,2023,9,3
"2023-01-15","CUST697",53,"Male","Clothing",1,500.0,500.0,697,1,2023,1,1
"2023-07-19","CUST698",64,"Female","Electronics",1,300.0,300.0,698,0,2023,7,3
"2023-06-22","CUST699",37,"Female","Clothing",4,30.0,120.0,699,0,2023,6,2
"2023-12-09","CUST700",36,"Male","Electronics",4,500.0,2000.0,700,1,2023,12,4
"2023-12-14","CUST701",52,"Female","Beauty",2,30.0,60.0,701,0,2023,12,4
"2023-07-27","CUST702",60,"Female","Clothing",2,300.0,600.0,702,0,2023,7,3
"2023-03-26","CUST703",34,"Male","Electronics",2,50.0,100.0,703,1,2023,3,1
"2023-08-28","CUST704",62,"Female","Clothing",3,30.0,90.0,704,0,2023,8,3
"2023-03-07","CUST705",60,"Male","Electronics",2,25.0,50.0,705,1,2023,3,1
"2023-11-15","CUST706",51,"Male","Electronics",4,25.0,100.0,706,1,2023,11,4
"2023-10-01","CUST707",26,"Female","Clothing",1,500.0,500.0,707,0,2023,10,4
"2023-01-14","CUST708",43,"Female","Beauty",3,300.0,900.0,708,0,2023,1,1
"2023-07-21","CUST709",19,"Female","Electronics",2,500.0,1000.0,709,0,2023,7,3
"2023-10-31","CUST710",26,"Female","Electronics",3,500.0,1500.0,710,0,2023,10,4
"2023-10-16","CUST711",26,"Male","Electronics",3,500.0,1500.0,711,1,2023,10,4
"2023-12-06","CUST712",57,"Female","Beauty",2,25.0,50.0,712,0,2023,12,4
"2023-01-14","CUST713",34,"Male","Beauty",3,25.0,75.0,713,1,2023,1,1
"2023-02-12","CUST714",18,"Female","Clothing",1,500.0,500.0,714,0,2023,2,1
"2023-11-26","CUST715",42,"Female","Beauty",4,25.0,100.0,715,0,2023,11,4
"2023-08-08","CUST716",60,"Female","Clothing",4,300.0,1200.0,716,0,2023,8,3
"2023-03-11","CUST717",57,"Male","Clothing",1,500.0,500.0,717,1,2023,3,1
"2023-08-25","CUST718",59,"Female","Beauty",3,25.0,75.0,718,0,2023,8,3
"2023-04-04","CUST719",42,"Female","Clothing",2,30.0,60.0,719,0,2023,4,2
"2023-01-26","CUST720",56,"Female","Beauty",3,500.0,1500.0,720,0,2023,1,1
"2023-05-14","CUST721",52,"Female","Clothing",1,500.0,500.0,721,0,2023,5,2
"2023-07-14","CUST722",20,"Male","Beauty",3,300.0,900.0,722,1,2023,7,3
"2023-06-17","CUST723",54,"Female","Beauty",4,50.0,200.0,723,0,2023,6,2
"2023-04-19","CUST724",61,"Male","Clothing",3,50.0,150.0,724,1,2023,4,2
"2023-08-21","CUST725",61,"Male","Electronics",1,300.0,300.0,725,1,2023,8,3
"2023-06-17","CUST726",47,"Male","Clothing",4,300.0,1200.0,726,1,2023,6,2
"2023-06-22","CUST727",55,"Male","Beauty",3,300.0,900.0,727,1,2023,6,2
"2023-07-14","CUST728",51,"Male","Electronics",3,50.0,150.0,728,1,2023,7,3
"2023-05-23","CUST729",29,"Male","Clothing",4,300.0,1200.0,729,1,2023,5,2
"2023-08-04","CUST730",36,"Female","Clothing",2,25.0,50.0,730,0,2023,8,3
"2023-05-10","CUST731",54,"Male","Clothing",4,500.0,2000.0,731,1,2023,5,2
"2023-02-11","CUST732",61,"Male","Electronics",2,500.0,1000.0,732,1,2023,2,1
"2023-08-29","CUST733",34,"Male","Beauty",1,30.0,30.0,733,1,2023,8,3
"2023-01-10","CUST734",27,"Female","Clothing",1,30.0,30.0,734,0,2023,1,1
"2023-10-04","CUST735",64,"Female","Clothing",4,500.0,2000.0,735,0,2023,10,4
"2023-01-27","CUST736",29,"Male","Clothing",4,25.0,100.0,736,1,2023,1,1
"2023-06-29","CUST737",33,"Female","Clothing",1,50.0,50.0,737,0,2023,6,2
"2023-04-25","CUST738",41,"Male","Clothing",2,50.0,100.0,738,1,2023,4,2
"2023-11-29","CUST739",36,"Male","Beauty",1,25.0,25.0,739,1,2023,11,4
"2023-02-05","CUST740",25,"Female","Beauty",4,50.0,200.0,740,0,2023,2,1
"2023-11-30","CUST741",48,"Male","Clothing",1,300.0,300.0,741,1,2023,11,4
"2023-01-21","CUST742",38,"Female","Electronics",4,500.0,2000.0,742,0,2023,1,1
"2023-01-16","CUST743",34,"Female","Beauty",4,500.0,2000.0,743,0,2023,1,1
"2023-05-07","CUST744",40,"Male","Electronics",1,25.0,25.0,744,1,2023,5,2
"2023-04-13","CUST745",54,"Male","Beauty",2,50.0,100.0,745,1,2023,4,2
"2023-01-11","CUST746",33,"Female","Clothing",3,30.0,90.0,746,0,2023,1,1
"2023-11-15","CUST747",23,"Male","Beauty",1,30.0,30.0,747,1,2023,11,4
"2023-03-20","CUST748",25,"Male","Clothing",3,50.0,150.0,748,1,2023,3,1
"2023-05-03","CUST749",42,"Male","Beauty",1,30.0,30.0,749,1,2023,5,2
"2023-03-06","CUST750",35,"Female","Clothing",3,25.0,75.0,750,0,2023,3,1
"2023-08-31","CUST751",42,"Female","Clothing",2,25.0,50.0,751,0,2023,8,3
"2023-12-09","CUST752",29,"Male","Clothing",2,50.0,100.0,752,1,2023,12,4
"2023-02-28","CUST753",32,"Female","Clothing",1,30.0,30.0,753,0,2023,2,1
"2023-10-16","CUST754",43,"Female","Electronics",4,25.0,100.0,754,0,2023,10,4
"2023-04-22","CUST755",58,"Female","Clothing",3,25.0,75.0,755,0,2023,4,2
"2023-08-27","CUST756",62,"Female","Electronics",4,300.0,1200.0,756,0,2023,8,3
"2023-12-25","CUST757",43,"Female","Electronics",4,300.0,1200.0,757,0,2023,12,4
"2023-05-12","CUST758",64,"Male","Clothing",4,25.0,100.0,758,1,2023,5,2
"2023-07-08","CUST759",49,"Male","Electronics",2,50.0,100.0,759,1,2023,7,3
"2023-03-27","CUST760",27,"Male","Beauty",1,500.0,500.0,760,1,2023,3,1
"2023-11-07","CUST761",33,"Female","Clothing",1,500.0,500.0,761,0,2023,11,4
"2023-11-07","CUST762",24,"Female","Electronics",2,25.0,50.0,762,0,2023,11,4
"2023-02-28","CUST763",34,"Male","Clothing",2,25.0,50.0,763,1,2023,2,1
"2023-03-25","CUST764",40,"Female","Clothing",1,25.0,25.0,764,0,2023,3,1
"2023-06-09","CUST765",43,"Male","Clothing",4,50.0,200.0,765,1,2023,6,2
"2023-02-25","CUST766",38,"Male","Electronics",3,300.0,900.0,766,1,2023,2,1
"2023-10-24","CUST767",39,"Male","Beauty",3,25.0,75.0,767,1,2023,10,4
"2023-01-14","CUST768",24,"Female","Beauty",3,25.0,75.0,768,0,2023,1,1
"2023-06-09","CUST769",31,"Female","Electronics",4,30.0,120.0,769,0,2023,6,2
"2023-10-22","CUST770",32,"Male","Clothing",1,50.0,50.0,770,1,2023,10,4
"2023-12-13","CUST771",24,"Male","Electronics",2,25.0,50.0,771,1,2023,12,4
"2023-07-12","CUST772",26,"Male","Electronics",1,30.0,30.0,772,1,2023,7,3
"2023-07-23","CUST773",25,"Male","Electronics",4,500.0,2000.0,773,1,2023,7,3
"2023-04-12","CUST774",40,"Female","Clothing",2,25.0,50.0,774,0,2023,4,2
"2023-02-08","CUST775",46,"Female","Electronics",4,25.0,100.0,775,0,2023,2,1
"2023-10-31","CUST776",35,"Male","Clothing",3,30.0,90.0,776,1,2023,10,4
"2023-12-20","CUST777",48,"Male","Electronics",3,50.0,150.0,777,1,2023,12,4
"2023-11-18","CUST778",47,"Female","Beauty",4,25.0,100.0,778,0,2023,11,4
"2023-05-05","CUST779",56,"Female","Electronics",2,500.0,1000.0,779,0,2023,5,2
"2023-02-22","CUST780",52,"Male","Electronics",2,25.0,50.0,780,1,2023,2,1
"2023-12-23","CUST781",35,"Male","Beauty",1,500.0,500.0,781,1,2023,12,4
"2023-06-04","CUST782",59,"Male","Clothing",3,300.0,900.0,782,1,2023,6,2
"2023-12-17","CUST783",56,"Female","Clothing",1,300.0,300.0,783,0,2023,12,4
"2023-11-04","CUST784",34,"Female","Electronics",1,500.0,500.0,784,0,2023,11,4
"2023-03-03","CUST785",31,"Female","Beauty",4,50.0,200.0,785,0,2023,3,1
"2023-10-17","CUST786",48,"Male","Clothing",4,25.0,100.0,786,1,2023,10,4
"2023-01-22","CUST787",41,"Male","Electronics",1,25.0,25.0,787,1,2023,1,1
"2023-06-27","CUST788",52,"Female","Beauty",3,300.0,900.0,788,0,2023,6,2
"2023-09-30","CUST789",61,"Female","Clothing",4,500.0,2000.0,789,0,2023,9,3
"2023-08-08","CUST790",62,"Male","Clothing",1,25.0,25.0,790,1,2023,8,3
"2023-12-05","CUST791",51,"Female","Beauty",1,25.0,25.0,791,0,2023,12,4
"2023-07-09","CUST792",20,"Female","Beauty",1,50.0,50.0,792,0,2023,7,3
"2023-02-05","CUST793",54,"Male","Beauty",1,30.0,30.0,793,1,2023,2,1
"2023-09-17","CUST794",60,"Female","Beauty",1,300.0,300.0,794,0,2023,9,3
"2023-11-28","CUST795",57,"Male","Electronics",1,300.0,300.0,795,1,2023,11,4
"2023-06-24","CUST796",43,"Male","Beauty",4,30.0,120.0,796,1,2023,6,2
"2023-01-07","CUST797",40,"Male","Clothing",3,25.0,75.0,797,1,2023,1,1
"2023-08-04","CUST798",61,"Male","Clothing",1,50.0,50.0,798,1,2023,8,3
"2023-09-08","CUST799",56,"Male","Electronics",2,50.0,100.0,799,1,2023,9,3
"2023-02-24","CUST800",32,"Male","Clothing",4,300.0,1200.0,800,1,2023,2,1
"2023-08-10","CUST801",21,"Male","Clothing",4,50.0,200.0,801,1,2023,8,3
"2023-07-05","CUST802",46,"Female","Beauty",1,30.0,30.0,802,0,2023,7,3
"2023-11-22","CUST803",39,"Male","Clothing",4,25.0,100.0,803,1,2023,11,4
"2023-08-24","CUST804",42,"Male","Electronics",1,30.0,30.0,804,1,2023,8,3
"2023-12-29","CUST805",30,"Female","Beauty",3,500.0,1500.0,805,0,2023,12,4
"2023-03-20","CUST806",35,"Female","Beauty",3,300.0,900.0,806,0,2023,3,1
"2023-08-11","CUST807",50,"Female","Electronics",4,50.0,200.0,807,0,2023,8,3
"2023-04-01","CUST808",33,"Male","Beauty",4,500.0,2000.0,808,1,2023,4,2
"2023-09-25","CUST809",62,"Female","Beauty",2,50.0,100.0,809,0,2023,9,3
"2023-11-30","CUST810",59,"Male","Electronics",4,25.0,100.0,810,1,2023,11,4
"2023-05-19","CUST811",61,"Male","Beauty",2,25.0,50.0,811,1,2023,5,2
"2023-11-12","CUST812",19,"Male","Electronics",3,25.0,75.0,812,1,2023,11,4
"2023-10-03","CUST813",52,"Male","Electronics",3,50.0,150.0,813,1,2023,10,4
"2023-09-05","CUST814",59,"Female","Clothing",1,500.0,500.0,814,0,2023,9,3
"2023-08-27","CUST815",51,"Female","Clothing",3,25.0,75.0,815,0,2023,8,3
"2023-08-12","CUST816",47,"Male","Beauty",2,500.0,1000.0,816,1,2023,8,3
"2023-10-31","CUST817",30,"Male","Beauty",4,50.0,200.0,817,1,2023,10,4
"2023-05-18","CUST818",30,"Male","Electronics",1,500.0,500.0,818,1,2023,5,2
"2023-06-15","CUST819",35,"Female","Beauty",2,50.0,100.0,819,0,2023,6,2
"2023-05-06","CUST820",49,"Male","Electronics",4,50.0,200.0,820,1,2023,5,2
"2023-02-14","CUST821",49,"Male","Electronics",1,300.0,300.0,821,1,2023,2,1
"2023-05-23","CUST822",52,"Female","Beauty",3,50.0,150.0,822,0,2023,5,2
"2023-08-19","CUST823",56,"Female","Electronics",2,50.0,100.0,823,0,2023,8,3
"2023-05-05","CUST824",63,"Male","Clothing",4,30.0,120.0,824,1,2023,5,2
"2023-08-26","CUST825",46,"Female","Beauty",1,25.0,25.0,825,0,2023,8,3
"2023-10-19","CUST826",46,"Female","Clothing",1,300.0,300.0,826,0,2023,10,4
"2023-11-09","CUST827",61,"Male","Beauty",3,300.0,900.0,827,1,2023,11,4
"2023-12-09","CUST828",33,"Female","Electronics",4,300.0,1200.0,828,0,2023,12,4
"2023-07-14","CUST829",61,"Male","Beauty",3,30.0,90.0,829,1,2023,7,3
"2023-06-22","CUST830",64,"Female","Clothing",3,50.0,150.0,830,0,2023,6,2
"2023-01-15","CUST831",27,"Male","Electronics",4,25.0,100.0,831,1,2023,1,1
"2023-09-11","CUST832",47,"Male","Beauty",4,500.0,2000.0,832,1,2023,9,3
"2023-06-16","CUST833",42,"Male","Beauty",4,50.0,200.0,833,1,2023,6,2
"2023-04-04","CUST834",56,"Female","Beauty",2,30.0,60.0,834,0,2023,4,2
"2023-09-07","CUST835",37,"Male","Clothing",4,50.0,200.0,835,1,2023,9,3
"2023-04-19","CUST836",22,"Female","Clothing",1,50.0,50.0,836,0,2023,4,2
"2023-07-01","CUST837",18,"Male","Beauty",3,30.0,90.0,837,1,2023,7,3
"2023-05-13","CUST838",47,"Male","Electronics",2,300.0,600.0,838,1,2023,5,2
"2023-06-24","CUST839",20,"Female","Electronics",4,300.0,1200.0,839,0,2023,6,2
"2023-05-24","CUST840",62,"Male","Clothing",2,25.0,50.0,840,1,2023,5,2
"2023-11-02","CUST841",31,"Male","Electronics",4,25.0,100.0,841,1,2023,11,4
"2023-12-26","CUST842",47,"Female","Clothing",2,300.0,600.0,842,0,2023,12,4
"2023-05-22","CUST843",21,"Male","Beauty",3,500.0,1500.0,843,1,2023,5,2
"2023-10-12","CUST844",35,"Male","Clothing",3,50.0,150.0,844,1,2023,10,4
"2023-01-06","CUST845",54,"Male","Clothing",1,500.0,500.0,845,1,2023,1,1
"2023-09-22","CUST846",42,"Male","Beauty",1,50.0,50.0,846,1,2023,9,3
"2023-04-08","CUST847",18,"Female","Electronics",4,300.0,1200.0,847,0,2023,4,2
"2023-02-13","CUST848",63,"Female","Clothing",3,25.0,75.0,848,0,2023,2,1
"2023-05-04","CUST849",32,"Male","Clothing",2,25.0,50.0,849,1,2023,5,2
"2023-07-28","CUST850",26,"Female","Beauty",2,500.0,1000.0,850,0,2023,7,3
"2023-09-08","CUST851",32,"Male","Electronics",2,25.0,50.0,851,1,2023,9,3
"2023-10-12","CUST852",41,"Female","Clothing",1,300.0,300.0,852,0,2023,10,4
"2023-05-04","CUST853",21,"Male","Beauty",2,500.0,1000.0,853,1,2023,5,2
"2023-12-20","CUST854",29,"Male","Clothing",1,50.0,50.0,854,1,2023,12,4
"2023-09-01","CUST855",54,"Male","Beauty",1,25.0,25.0,855,1,2023,9,3
"2023-11-27","CUST856",54,"Male","Electronics",4,30.0,120.0,856,1,2023,11,4
"2023-12-31","CUST857",60,"Male","Electronics",2,25.0,50.0,857,1,2023,12,4
"2023-09-09","CUST858",23,"Male","Electronics",2,50.0,100.0,858,1,2023,9,3
"2023-08-18","CUST859",56,"Female","Electronics",3,500.0,1500.0,859,0,2023,8,3
"2023-01-09","CUST860",63,"Male","Clothing",4,50.0,200.0,860,1,2023,1,1
"2023-02-17","CUST861",41,"Female","Clothing",3,30.0,90.0,861,0,2023,2,1
"2023-05-31","CUST862",28,"Male","Electronics",4,300.0,1200.0,862,1,2023,5,2
"2023-04-24","CUST863",30,"Female","Electronics",2,25.0,50.0,863,0,2023,4,2
"2023-07-27","CUST864",51,"Female","Electronics",1,500.0,500.0,864,0,2023,7,3
"2023-12-21","CUST865",42,"Female","Clothing",1,300.0,300.0,865,0,2023,12,4
"2023-05-05","CUST866",24,"Male","Electronics",1,50.0,50.0,866,1,2023,5,2
"2023-06-06","CUST867",21,"Male","Electronics",1,500.0,500.0,867,1,2023,6,2
"2023-12-06","CUST868",25,"Female","Electronics",1,300.0,300.0,868,0,2023,12,4
"2023-10-25","CUST869",37,"Male","Beauty",3,500.0,1500.0,869,1,2023,10,4
"2023-07-08","CUST870",46,"Female","Electronics",4,30.0,120.0,870,0,2023,7,3
"2023-08-31","CUST871",62,"Male","Beauty",2,30.0,60.0,871,1,2023,8,3
"2023-10-11","CUST872",63,"Female","Beauty",3,25.0,75.0,872,0,2023,10,4
"2023-09-29","CUST873",27,"Female","Electronics",4,25.0,100.0,873,0,2023,9,3
"2023-06-26","CUST874",60,"Male","Beauty",1,30.0,30.0,874,1,2023,6,2
"2023-08-06","CUST875",51,"Female","Electronics",4,500.0,2000.0,875,0,2023,8,3
"2023-10-09","CUST876",43,"Male","Clothing",4,30.0,120.0,876,1,2023,10,4
"2023-06-19","CUST877",58,"Female","Clothing",1,25.0,25.0,877,0,2023,6,2
"2023-06-30","CUST878",20,"Female","Clothing",1,30.0,30.0,878,0,2023,6,2
"2023-12-26","CUST879",23,"Male","Clothing",1,30.0,30.0,879,1,2023,12,4
"2023-08-21","CUST880",22,"Male","Beauty",2,500.0,1000.0,880,1,2023,8,3
"2023-05-19","CUST881",22,"Male","Electronics",1,300.0,300.0,881,1,2023,5,2
"2023-06-06","CUST882",64,"Female","Electronics",2,25.0,50.0,882,0,2023,6,2
"2023-05-09","CUST883",40,"Male","Electronics",1,500.0,500.0,883,1,2023,5,2
"2023-04-29","CUST884",26,"Female","Clothing",2,30.0,60.0,884,0,2023,4,2
"2023-03-03","CUST885",52,"Female","Clothing",4,30.0,120.0,885,0,2023,3,1
"2023-04-09","CUST886",37,"Male","Electronics",3,300.0,900.0,886,1,2023,4,2
"2023-06-11","CUST887",59,"Male","Clothing",4,25.0,100.0,887,1,2023,6,2
"2023-03-03","CUST888",52,"Female","Electronics",4,25.0,100.0,888,0,2023,3,1
"2023-10-02","CUST889",35,"Female","Electronics",1,50.0,50.0,889,0,2023,10,4
"2023-12-20","CUST890",34,"Male","Electronics",2,25.0,50.0,890,1,2023,12,4
"2023-04-05","CUST891",41,"Male","Electronics",3,300.0,900.0,891,1,2023,4,2
"2023-04-09","CUST892",20,"Male","Electronics",1,50.0,50.0,892,1,2023,4,2
"2023-04-21","CUST893",49,"Male","Electronics",1,50.0,50.0,893,1,2023,4,2
"2023-09-05","CUST894",52,"Male","Electronics",1,30.0,30.0,894,1,2023,9,3
"2023-05-22","CUST895",55,"Female","Clothing",4,30.0,120.0,895,0,2023,5,2
"2023-10-29","CUST896",30,"Female","Electronics",2,25.0,50.0,896,0,2023,10,4
"2023-09-26","CUST897",64,"Female","Electronics",2,50.0,100.0,897,0,2023,9,3
"2023-11-02","CUST898",42,"Female","Clothing",3,30.0,90.0,898,0,2023,11,4
"2023-05-25","CUST899",26,"Male","Clothing",2,300.0,600.0,899,1,2023,5,2
"2023-02-21","CUST900",21,"Male","Clothing",2,30.0,60.0,900,1,2023,2,1
"2023-04-10","CUST901",31,"Male","Electronics",1,30.0,30.0,901,1,2023,4,2
"2023-06-01","CUST902",54,"Female","Beauty",1,50.0,50.0,902,0,2023,6,2
"2023-04-27","CUST903",51,"Female","Beauty",4,50.0,200.0,903,0,2023,4,2
"2023-07-04","CUST904",28,"Male","Clothing",1,500.0,500.0,904,1,2023,7,3
"2023-04-02","CUST905",58,"Male","Beauty",1,300.0,300.0,905,1,2023,4,2
"2023-06-04","CUST906",20,"Female","Clothing",1,50.0,50.0,906,0,2023,6,2
"2023-01-08","CUST907",45,"Female","Electronics",1,25.0,25.0,907,0,2023,1,1
"2023-12-29","CUST908",46,"Male","Beauty",4,300.0,1200.0,908,1,2023,12,4
"2023-10-01","CUST909",26,"Male","Electronics",1,300.0,300.0,909,1,2023,10,4
"2023-03-06","CUST910",20,"Female","Beauty",3,50.0,150.0,910,0,2023,3,1
"2023-05-21","CUST911",42,"Male","Electronics",3,300.0,900.0,911,1,2023,5,2
"2023-01-24","CUST912",51,"Male","Beauty",3,50.0,150.0,912,1,2023,1,1
"2023-01-28","CUST913",29,"Male","Electronics",3,30.0,90.0,913,1,2023,1,1
"2023-10-11","CUST914",59,"Female","Electronics",1,500.0,500.0,914,0,2023,10,4
"2023-05-30","CUST915",26,"Female","Beauty",3,30.0,90.0,915,0,2023,5,2
"2023-12-24","CUST916",32,"Female","Electronics",1,50.0,50.0,916,0,2023,12,4
"2023-03-06","CUST917",57,"Female","Electronics",4,50.0,200.0,917,0,2023,3,1
"2023-11-23","CUST918",42,"Female","Electronics",3,30.0,90.0,918,0,2023,11,4
"2023-09-09","CUST919",22,"Female","Beauty",2,25.0,50.0,919,0,2023,9,3
"2023-02-22","CUST920",28,"Female","Beauty",3,25.0,75.0,920,0,2023,2,1
"2023-01-07","CUST921",51,"Male","Electronics",3,25.0,75.0,921,1,2023,1,1
"2023-10-21","CUST922",41,"Male","Electronics",1,50.0,50.0,922,1,2023,10,4
"2023-05-26","CUST923",32,"Male","Beauty",3,300.0,900.0,923,1,2023,5,2
"2023-08-29","CUST924",55,"Male","Beauty",2,50.0,100.0,924,1,2023,8,3
"2023-09-03","CUST925",25,"Male","Electronics",1,300.0,300.0,925,1,2023,9,3
"2023-08-14","CUST926",22,"Male","Electronics",1,30.0,30.0,926,1,2023,8,3
"2023-06-24","CUST927",43,"Male","Electronics",4,500.0,2000.0,927,1,2023,6,2
"2023-04-05","CUST928",35,"Female","Clothing",4,300.0,1200.0,928,0,2023,4,2
"2023-01-27","CUST929",23,"Female","Beauty",3,25.0,75.0,929,0,2023,1,1
"2023-05-10","CUST930",54,"Male","Clothing",4,50.0,200.0,930,1,2023,5,2
"2023-09-02","CUST931",30,"Male","Beauty",4,30.0,120.0,931,1,2023,9,3
"2023-02-28","CUST932",45,"Female","Beauty",4,25.0,100.0,932,0,2023,2,1
"2023-02-03","CUST933",22,"Male","Beauty",1,30.0,30.0,933,1,2023,2,1
"2023-07-25","CUST934",30,"Male","Beauty",1,500.0,500.0,934,1,2023,7,3
"2023-09-09","CUST935",34,"Female","Beauty",1,50.0,50.0,935,0,2023,9,3
"2023-02-07","CUST936",57,"Male","Beauty",4,50.0,200.0,936,1,2023,2,1
"2023-10-23","CUST937",62,"Female","Beauty",1,500.0,500.0,937,0,2023,10,4
"2023-11-19","CUST938",49,"Male","Clothing",4,50.0,200.0,938,1,2023,11,4
"2023-12-18","CUST939",46,"Female","Electronics",1,300.0,300.0,939,0,2023,12,4
"2023-01-28","CUST940",20,"Female","Electronics",1,30.0,30.0,940,0,2023,1,1
"2023-03-19","CUST941",57,"Female","Clothing",2,25.0,50.0,941,0,2023,3,1
"2023-03-18","CUST942",51,"Male","Clothing",3,500.0,1500.0,942,1,2023,3,1
"2023-10-16","CUST943",57,"Female","Clothing",4,300.0,1200.0,943,0,2023,10,4
"2023-06-05","CUST944",44,"Male","Clothing",2,25.0,50.0,944,1,2023,6,2
"2023-02-13","CUST945",30,"Male","Beauty",1,25.0,25.0,945,1,2023,2,1
"2023-05-08","CUST946",62,"Male","Electronics",4,500.0,2000.0,946,1,2023,5,2
"2023-03-02","CUST947",50,"Male","Beauty",1,300.0,300.0,947,1,2023,3,1
"2023-10-13","CUST948",23,"Female","Electronics",3,25.0,75.0,948,0,2023,10,4
"2023-08-02","CUST949",41,"Female","Electronics",2,25.0,50.0,949,0,2023,8,3
"2023-11-07","CUST950",36,"Male","Clothing",3,300.0,900.0,950,1,2023,11,4
"2023-11-02","CUST951",33,"Male","Beauty",2,50.0,100.0,951,1,2023,11,4
"2023-11-13","CUST952",57,"Female","Clothing",1,25.0,25.0,952,0,2023,11,4
"2023-04-26","CUST953",45,"Male","Beauty",3,30.0,90.0,953,1,2023,4,2
"2023-09-25","CUST954",50,"Female","Electronics",3,300.0,900.0,954,0,2023,9,3
"2023-07-14","CUST955",58,"Male","Clothing",1,25.0,25.0,955,1,2023,7,3
"2023-08-19","CUST956",30,"Male","Clothing",3,500.0,1500.0,956,1,2023,8,3
"2023-08-15","CUST957",60,"Female","Electronics",4,30.0,120.0,957,0,2023,8,3
"2023-06-02","CUST958",62,"Male","Electronics",2,25.0,50.0,958,1,2023,6,2
"2023-10-29","CUST959",42,"Female","Electronics",2,30.0,60.0,959,0,2023,10,4
"2023-08-08","CUST960",59,"Male","Clothing",2,30.0,60.0,960,1,2023,8,3
"2023-06-06","CUST961",53,"Male","Beauty",4,50.0,200.0,961,1,2023,6,2
"2023-10-19","CUST962",44,"Male","Clothing",2,30.0,60.0,962,1,2023,10,4
"2023-11-14","CUST963",55,"Female","Beauty",1,50.0,50.0,963,0,2023,11,4
"2023-01-31","CUST964",24,"Male","Clothing",3,300.0,900.0,964,1,2023,1,1
"2023-11-09","CUST965",22,"Male","Clothing",4,50.0,200.0,965,1,2023,11,4
"2023-02-20","CUST966",60,"Male","Electronics",2,500.0,1000.0,966,1,2023,2,1
"2023-04-17","CUST967",62,"Male","Beauty",1,25.0,25.0,967,1,2023,4,2
"2023-11-17","CUST968",48,"Female","Clothing",3,300.0,900.0,968,0,2023,11,4
"2023-04-19","CUST969",40,"Female","Clothing",3,300.0,900.0,969,0,2023,4,2
"2023-05-16","CUST970",59,"Male","Electronics",4,500.0,2000.0,970,1,2023,5,2
"2023-12-05","CUST971",27,"Female","Electronics",4,50.0,200.0,971,0,2023,12,4
"2023-02-11","CUST972",49,"Male","Beauty",4,25.0,100.0,972,1,2023,2,1
"2023-03-22","CUST973",60,"Male","Clothing",1,50.0,50.0,973,1,2023,3,1
"2023-05-03","CUST974",47,"Male","Beauty",1,30.0,30.0,974,1,2023,5,2
"2023-03-30","CUST975",56,"Female","Clothing",4,50.0,200.0,975,0,2023,3,1
"2023-10-10","CUST976",48,"Female","Beauty",2,300.0,600.0,976,0,2023,10,4
"2023-02-08","CUST977",35,"Female","Electronics",3,25.0,75.0,977,0,2023,2,1
"2023-03-22","CUST978",53,"Female","Clothing",3,50.0,150.0,978,0,2023,3,1
"2023-01-02","CUST979",19,"Female","Beauty",1,25.0,25.0,979,0,2023,1,1
"2023-07-29","CUST980",31,"Female","Electronics",3,25.0,75.0,980,0,2023,7,3
"2023-08-19","CUST981",30,"Female","Electronics",2,30.0,60.0,981,0,2023,8,3
"2023-12-19","CUST982",46,"Female","Beauty",3,30.0,90.0,982,0,2023,12,4
"2023-11-01","CUST983",29,"Female","Clothing",1,300.0,300.0,983,0,2023,11,4
"2023-08-29","CUST984",56,"Male","Clothing",1,500.0,500.0,984,1,2023,8,3
"2023-05-30","CUST985",19,"Female","Electronics",2,25.0,50.0,985,0,2023,5,2
"2023-01-17","CUST986",49,"Female","Clothing",2,500.0,1000.0,986,0,2023,1,1
"2023-04-29","CUST987",30,"Female","Clothing",3,300.0,900.0,987,0,2023,4,2
"2023-05-28","CUST988",63,"Female","Clothing",3,25.0,75.0,988,0,2023,5,2
"2023-12-28","CUST989",44,"Female","Electronics",1,25.0,25.0,989,0,2023,12,4
"2023-05-25","CUST990",58,"Female","Beauty",2,500.0,1000.0,990,0,2023,5,2
"2023-12-26","CUST991",34,"Female","Clothing",2,50.0,100.0,991,0,2023,12,4
"2023-08-21","CUST992",57,"Female","Electronics",2,30.0,60.0,992,0,2023,8,3
"2023-02-06","CUST993",48,"Female","Electronics",3,50.0,150.0,993,0,2023,2,1
"2023-12-18","CUST994",51,"Female","Beauty",2,500.0,1000.0,994,0,2023,12,4
"2023-04-30","CUST995",41,"Female","Clothing",1,30.0,30.0,995,0,2023,4,2
"2023-05-16","CUST996",62,"Male","Clothing",1,50.0,50.0,996,1,2023,5,2
"2023-11-17","CUST997",52,"Male","Beauty",3,30.0,90.0,997,1,2023,11,4
"2023-10-29","CUST998",23,"Female","Beauty",4,25.0,100.0,998,0,2023,10,4
"2023-12-05","CUST999",36,"Female","Electronics",3,50.0,150.0,999,0,2023,12,4
"2023-04-12","CUST1000",47,"Male","Electronics",4,30.0,120.0,1000,1,2023,4,2
